"animal_id","condition","run_number","run_time","Step Width (Hind)","Step Width (Front)","Step Length (Left)","Step Length (Right)","Toe Clearance Forepaw (Right)","Toe Clearance Hindpaw (Right)","Toe Clearance Forepaw (Left)","Toe Clearance Hindpaw (Left)","Iliac Crest Height (Right)","Iliac Crest Height (Left)","Hip Height (Right)","Hip Height (Left)","Tail Base Height (Right)","Tail Base Height (Left)","Shoulder Height (Right)","Shoulder Height (Left)","Protraction/Retraction (Right)","Protraction/Retraction (Left)","Nose Height","Tail Tip Height","Front Paw Drag (Right)","Front Paw Drag (Left)","Hind Paw Drag (Right)","Hind Paw Drag (Left)","Head Rotation","Hip Angle (Right)","Knee Angle (Right)","Shoulder Angle (Right)","Shoulder Angle (Left)","Elbow Angle (Right)","Elbow Angle (Left)","Wrist Angle (Right)","Wrist Angle (Left)","Ankle Angle (Right)","Hip Angle (Left)","Knee Angle (Left)","Ankle Angle (Left)","Tail Angle (Side View)","Front Right Paw Velocity","Front Right Paw Acceleration","Front Left Paw Velocity","Front Left Paw Acceleration","Hind Right Paw Velocity","Hind Right Paw Acceleration","Hind Left Paw Velocity","Hind Left Paw Acceleration"
"251001","PreSCI","01",7.3,0.0451671267375475,0.0283801294832754,0.0685987463829786,0.0686145755806299,0.00695387929506032,0.00531608159854435,0.00671133286372889,0.00499348569578307,0.0628126311713871,0.0628084897317843,0.0477678030332435,0.0490655619902954,0.0353074454617185,0.0361059398635181,0.386711327287515,0.0517602688718266,0.0587854997359413,0.0577103402986773,0.0337349057616911,0.0353074454617185,0.0048314511806483,0.0196055236227278,0.00531608159854435,0.0168620414667688,-0.00389566620814155,100.631179854997,93.5883818662733,115.922114377026,112.43185199037,120.717843440528,124.525219095997,146.061655053987,155.205267916589,88.6142103993769,102.621925739338,87.7076486853937,93.5232405418237,173.597699446896,2.87223480794741e-05,6.25099633001645e-06,1.69066917793243e-05,-1.09689656233812e-06,3.87549590566388e-05,2.26159318538519e-06,5.88166238327783e-06,2.67374654313662e-06
"251001","PreSCI","02",2.44,0.048952317561439,0.0312276745708979,0.0715464196117002,0.0711436433348665,0.00913348831335841,0.00935890073561161,0.0069432186837099,0.00773403970318874,0.0616379073532061,0.0627373219975726,0.0475404590977474,0.0489522943276044,0.0429536231955684,0.0404013143210163,0.391895649437754,0.0504831221517478,0.0557106093653613,0.0574978386143823,0.0205115338748182,0.0429536231955684,0.00519141838771553,0.0155025089881858,0.00935890073561161,0.0146747356434309,0.0171647878028096,115.347519290936,88.3292136412208,116.562079844542,121.07141861138,117.037665853235,115.844832869989,147.634824883327,165.049858778049,88.0616402724654,105.315577692725,93.2801377736573,94.2935832325952,164.887157200602,0.000159678478243896,-2.48676708064014e-05,0.000210566541422393,3.92825194166704e-06,0.00019335051855996,3.42152463501344e-05,3.10510668460682e-05,2.69579923949035e-05
"251001","PreSCI","03",3.34,0.0453603206746757,0.037304997587378,0.0734822910312369,0.0665707159018589,0.00496011590017184,0.00693466864203759,0.00532447507640699,0.00828120706079938,0.0649872549016992,0.0634779285263296,0.0508964309176386,0.0516279123490766,0.0442339437711976,0.0421018048644061,0.388380372990341,0.0478940231647572,0.0584597663466483,0.0572414322548822,0.0138518609823645,0.0442339437711976,0.00474935432995306,0.0163587499592604,0.00693466864203759,0.0108645248346637,0.0183936530687849,103.384848559872,101.399137043278,111.858263580478,111.321907985143,110.941557524991,109.718226656378,152.701643808237,151.818809869645,100.597383075982,95.4073052173014,84.9825245286018,103.686553798003,174.439945978251,1.18069259189563e-05,-4.98441699342779e-06,5.20522569668164e-05,-5.54088937151004e-06,0.000166447370854118,1.04038625746965e-05,5.38770172673073e-05,-5.12555035435065e-06
"251002","PreSCI","01",4.11,0.0511285477982229,0.0317785012200982,0.0560793698853569,0.0482492626799527,0.00773268971959033,0.00506821255285385,0.00705931795536231,0.00863968429790087,0.0663568127559188,0.0680614569782915,0.0518769881885481,0.0555444349692046,0.0482495863975913,0.0457435606707182,0.387169262412292,0.0537614459840996,0.0594658465433057,0.0618467732805875,0.0141591809560697,0.0482495863975913,0.00656455127359592,0.0169854677996589,0.00506821255285385,0.0129308609440799,0.00109260639417824,102.441284163902,96.1736381171959,116.020005762818,113.474295012831,113.603688595141,120.199691817202,149.551791750436,156.455626200519,96.3749278615653,104.940812512309,97.3488770415649,111.836285560996,138.192797052003,-1.49771737647591e-05,-5.45862262691302e-06,2.13721505437153e-06,-1.02540337374792e-05,1.53476914770281e-05,-2.41727212037796e-06,2.186213046091e-05,7.88173448090059e-07
"251002","PreSCI","02",3.43,0.0427952658292628,0.0400047443339457,0.0400729790815199,0.0490023910276502,0.00794946886351535,0.00653805172039667,0.00765468558649287,0.00434044606974609,0.063730066203723,0.0629517811384029,0.049915625676596,0.050588578165999,0.0475767572565906,0.0455138507187728,0.384682808598608,0.0498721449453371,0.0595726760758797,0.05834047405963,0.0192336070267762,0.0475767572565906,0.00630225798987668,0.0167363771840781,0.00653805172039667,0.0154662012309741,0.00862579012623318,113.926507443549,96.9391640780655,119.274135273911,113.746022352742,121.027883339159,115.083206317145,149.82504831989,153.931471245401,109.830278601398,101.380404649206,95.5463006120296,106.906486556947,96.9834491894763,-1.78722650821746e-05,-6.09536644719942e-06,5.10134964031965e-06,-1.36182271559854e-05,4.81835391620606e-05,1.86892672203913e-05,0.000126446753915772,2.14601876432973e-05
"251002","PreSCI","03",3.29,0.0371193511274723,0.0301220368829466,0.017263162905412,0.04520818876378,0.00680308557553826,0.00832864613913907,0.00807629579718493,0.00676765204819521,0.0657506454557092,0.0651445834230108,0.0503600436394814,0.0528880422821065,0.0463013207412975,0.0424382866868382,0.386460796359813,0.0525717888883776,0.0581259861046416,0.0595506185157195,0.0240664833164834,0.0463013207412975,0.00571126669930617,0.0147558240934368,0.00832864613913907,0.0136330253602956,0.00265672258776386,100.357574622944,101.240681690697,128.800925034358,123.877223811024,121.259939835951,122.042382233651,156.838127421157,162.484157813935,96.8727141763799,103.805236051916,97.4279351124245,104.679949415028,115.818332481474,-1.94190378529097e-06,4.15363387257065e-06,-1.58086606903112e-05,4.51667156188715e-07,5.19677739569367e-19,3.05599160134688e-07,1.96706183247343e-06,-8.93327795948231e-06
"251004","PreSCI","01",3.2,0.0410618720683916,0.0338498545013664,0.0148783158057851,0.0173562445767081,0.00693266212296606,0.013344631150201,0.00871975707956468,0.0130359917701378,0.0621171140436586,0.0625223115788934,0.0390888194833115,0.0521504437951354,0.0326031077528448,0.039877490486102,0.388661226984462,0.0489341585183599,0.0534571249900274,0.0461743374484708,0.0221018023421939,0.0326031077528448,0.00719779034792618,0.0145447041727429,0.013344631150201,0.00969150844578429,0.00768969508724424,77.4625764651482,94.6385904045548,113.773564979274,112.816086724543,127.354056902425,126.783745455252,154.535622727677,153.984900098684,108.065145444908,77.1483927359877,121.3139928854,99.8228769910118,106.458996944631,6.59344941288084e-06,-6.18392759785844e-06,-2.23022900835817e-07,-3.76872624862181e-07,1.70781537992854e-05,1.39339702893484e-06,9.60451145223663e-19,-5.1386826266888e-08
"251004","PreSCI","04",2.74,0.0534203959290325,0.0418587873191989,0.0696950254661659,0.0729418817568542,0.0113781615641503,0.00543566169680182,0.00486469528007198,0.00945737842125963,0.0646524253483384,0.0703798925026353,0.0495953665930779,0.0550753407296532,0.0371805252880873,0.042898255373538,0.395222816081,0.0568805465017555,0.0614471605203881,0.062976457845328,0.0216072198512396,0.0371805252880873,0.00584176155168072,0.0172446416581048,0.00543566169680182,0.0167497791224677,0.00364008349792879,102.705808732779,93.1302975188968,115.59243934986,115.034166044795,111.023755598097,111.908508538427,152.164543940507,153.786403699317,92.6078188674588,100.911361085012,92.6393906870783,96.4716249948869,142.663466949615,4.1500049110711e-06,2.17954744596589e-05,0.00016961398645653,2.74183830058573e-07,0.000108044440023826,7.35358484681166e-06,0.000197027467917503,2.75952522371359e-05
"251004","PreSCI","05",10.37,0.0481500036540597,0.0355151648882472,0.0230655448575489,0.0315458597439827,0.00803097444758837,0.00996657250550615,0.0043831247817212,0.00700911041506051,0.0650132964181983,0.064785101307622,0.0481487491776956,0.0467924854041763,0.02896918522989,0.0296539481713653,0.396194437525266,0.0554191469132733,0.0578620083451328,0.0602253408880088,0.0397170227757482,0.02896918522989,0.00890455253352547,0.0181752471538507,0.00996657250550615,0.0195902512260059,0.00114385797176862,100.530587138973,92.7124019652987,115.743513920886,114.808855431544,128.203847043854,128.342040778882,142.850539326156,164.767991630493,80.0893998194924,93.8877707148348,84.9644457308126,79.5419277036243,141.959634227433,4.30263745606552e-06,5.07227534460424e-07,-7.90698017389921e-07,-9.86804414878621e-07,5.62398178702566e-06,1.37906344223273e-06,3.29251937723142e-05,7.5877537343704e-06
"251005","PreSCI","01",2.96,0.0389634151744098,0.0323240150782442,0.0214195631492016,0.0286004488174301,0.0107639955178426,0.0127492653715777,0.00635593722229159,0.00652049772871946,0.0618950424229231,0.0610100988803807,0.0471455619869335,0.050441276160563,0.0383457951469994,0.0382207396017455,0.385306927457442,0.0494928368984899,0.0525144422555079,0.057291429173302,0.0213501950807443,0.0383457951469994,0.00811913767905692,0.0145737856381667,0.0127492653715777,0.0104273990376794,0.000587704966911109,98.7151216339961,99.3493821917306,118.302385149435,125.541841101422,124.171587375067,120.973037542879,154.881378203318,154.277156106484,107.799243855623,95.6193126575631,100.146701644199,97.843159987138,136.576861884846,4.7245666084772e-06,-3.15795499407351e-06,2.47003250370673e-05,-1.05863906181438e-05,0.000130006783546841,-2.10639427061964e-06,2.67658406274614e-05,-4.29742766343967e-06
"251005","PreSCI","04",2.74,0.0394384883734084,0.0221978724185252,0.0181617302191167,0.0373158358108643,0.00838580507320734,0.00887001665846093,0.00683252742969121,0.0101605464421309,0.0658536043243529,0.0676767633573388,0.0500741884294912,0.0510157908109558,0.0418601549404229,0.040107653906975,0.38521920961219,0.0555090884373051,0.0597192957350897,0.0600488966522787,0.0244691437265245,0.0418601549404229,0.00606092583519119,0.0146080896609635,0.00887001665846093,0.0112134530900361,0.00688294363256467,102.488595901431,95.5357540225552,117.780839002156,129.1826062888,131.963024500355,128.62266819773,144.062999995577,138.236561841697,93.7924213764567,100.220195808078,90.0126930332852,103.874671952273,162.943147248062,-2.01300780205169e-05,3.44407560390796e-07,6.94553140786672e-07,2.60438773385576e-06,-9.76392451823184e-08,-8.35751133530447e-08,1.24278417473199e-05,2.3298983099817e-05
"251001","7DPI","01",1.681798,0.0575046789670399,0.0301354515728079,0.0803413266837207,0.0900332362850299,0.0107418823021657,0.00667331114160034,0.00426366380206012,0.00850860024262941,0.0720331577720316,0.0678412571226344,0.0546789508164186,0.0524722599085152,0.0462346837141677,0.0414633521976115,0.38511117647063,0.0506661393227247,0.0664679007457589,0.0627024654327934,0.0159876217790795,0.0462346837141677,0.00476107893808801,0.0196688123267905,0.00667331114160034,0.0133721131646165,0.016063945316135,109.49096040144,96.7727862111769,128.444264036409,120.115537942254,92.1111627937519,103.169818290228,165.9465713953,157.124293963702,100.245388554123,97.9034410076368,85.3374914545747,101.757098042634,166.148468531943,0.00206025854118266,-7.52233217043316e-05,0.000122551412435169,1.31534713440321e-05,0.000376771240379667,7.26828110203571e-06,0.000288333154513102,1.98707100037571e-05
"251001","7DPI","02",2.2545184,0.0539823310353464,0.0322990380604157,0.0835371275266498,0.0887371903891647,0.00476028149536681,0.00449164094682943,0.0048060827791172,0.00607719943768063,0.0680501548023421,0.0684199974453065,0.0516588148037379,0.0535865426274579,0.0428979982011543,0.0406873050154003,0.389820235948695,0.0521945340500416,0.064175565519059,0.0632075611997832,0.0166651968981664,0.0428979982011543,0.00417818218217999,0.0192937172115367,0.00449164094682943,0.016963804504809,0.00566194189039738,106.414876770917,94.306460452723,127.631324726049,120.055327648492,93.6020343362233,104.440093931296,166.6574483536,156.771369094007,91.0126589565472,102.676587023527,90.3290616221468,98.1183121419159,177.412011402905,0.00104236761041087,-1.37907316603181e-05,8.50770643912801e-05,8.66701635111918e-06,0.000129318593425713,2.4443872830388e-06,0.000215440696820588,1.34614914561247e-05
"251001","7DPI","03",3.3999592,0.0466835927986107,0.029410574948946,0.0746070687060197,0.0693956267777969,0.00503655774451433,0.00386021706130056,0.00681448994374763,0.00603945524835867,0.0667501542624341,0.0681483120934492,0.0512522611067246,0.0524195870558231,0.0413273975565644,0.0372941776389956,0.388947931149572,0.0524927418580995,0.0662273664013028,0.0628267524384527,0.0166299274316307,0.0413273975565644,0.00304865604483041,0.0208909755262939,0.00386021706130056,0.0176081094012232,0.00898166008619832,110.278544240268,102.331636260409,126.56784838909,120.525681123243,96.9980388362847,106.568842392645,155.526908523709,156.949304006275,99.0399616314919,102.382467168606,93.7829672480662,105.605895030874,37.5239422624147,0.000564327397936436,3.14411843417105e-05,0.000135266772117952,-4.48596154883593e-06,4.45523316893701e-05,5.24389838298479e-06,7.89477897439889e-05,5.9563559570104e-06
"251002","7DPI","01",2.9908732,0.0504908973718843,0.0309316081586537,0.0815388851849621,0.0832582981579098,0.00802351064543787,0.00488279830351445,0.00235337523408368,0.00752443510456313,0.0678599162249611,0.070577572749438,0.0517918419047494,0.0556937721984196,0.0450238507616654,0.0473770362634239,0.389082672502202,0.0563858462927808,0.0639687475734981,0.0650381190750567,0.0237568524641687,0.0450238507616654,0.00652690790582319,0.0215816971027944,0.00488279830351445,0.0177514539344765,-0.00892668052956973,103.139880802174,94.6492089903552,128.488741801458,120.525455649292,98.3445384671277,109.308821300343,168.942775231092,151.579865662737,91.6244160681359,103.67241312843,90.1825419147021,96.6514647183087,169.122573334773,0.000370612210891055,9.85872569540034e-07,8.77593557762158e-05,-7.40314462953922e-06,9.26120437992816e-05,-1.02605415958372e-05,0.000185653975199293,5.41118047460738e-07
"251002","7DPI","02",1.6636164,0.0555931711231652,0.0338347115441239,0.0807780023694643,0.0892649830816495,0.00579419777074954,0.00312432042480916,0.00498828473082612,0.00852793740035586,0.0670431736774722,0.0701132947708329,0.0503681155615838,0.0547610463070441,0.0421449305831777,0.0447705124144731,0.390576489199789,0.0548241020338452,0.0657600435089568,0.0634804635499376,0.0131341120520707,0.0421449305831777,0.00617127729710372,0.0199239895787409,0.00312432042480916,0.0166785258514392,0.00318691401987231,102.611194900621,95.387438151612,126.121935437203,122.276298236502,94.5677202724601,110.749518703924,169.061625487762,153.587054669484,85.9344607801631,97.2455313824869,84.0533847298603,91.8157151334557,160.147586309425,0.000380117803274634,8.90980862883635e-06,1.33437274751889e-05,-2.00686790713163e-05,0.000161872046768586,2.03468783406114e-06,0.000375157576301204,1.1322684688051e-05
"251002","7DPI","03",6.5544668,0.0525189786132217,0.028486540960139,0.0772318959451834,0.0933962941386252,0.00641512886331216,0.00504693100954745,0.00488982468485198,0.00473082077451963,0.0656957601277081,0.0663280854243388,0.0488678782435815,0.0501195737871564,0.0332671900583291,0.0335180318977923,0.387471367988268,0.0591033876307695,0.0625586672728942,0.0622381379730963,0.0299085467127863,0.0332671900583291,0.00620272225386551,0.0186632231102237,0.00504693100954745,0.0183972847126226,-0.0142592328570286,111.02298107121,92.2460171436524,127.316172620002,121.797086396933,112.659720055327,114.47689578055,164.178185742258,160.012365808142,88.4149463143006,106.280513425579,96.9212312036588,91.7154324384542,154.018368556487,0.000167230069163788,1.14403685886317e-05,4.12704353655948e-05,4.77975338482501e-06,3.79988150237564e-05,3.1496227528333e-06,6.7536631382404e-05,9.18770596738757e-06
"251002","7DPI","04",5.4272076,0.0522057294897307,0.0327015675086518,0.0710042562232521,0.0833663167965224,0.0081987399241452,0.00407893600378528,0.00372623669446189,0.00595200130744645,0.0682812071978298,0.0695276186094911,0.0522288520666851,0.0542775349059525,0.0409589251163111,0.0420850278279796,0.388390769666961,0.0577242402592852,0.0666194167095373,0.0643254287394378,0.0158855942716712,0.0409589251163111,0.00645377370733254,0.0197659275767565,0.00407893600378528,0.0187842707040379,0.0053195304983186,115.824811214816,102.391159374319,131.978892297079,127.261030646724,103.170520488763,111.102122996575,160.320443315476,151.805644025944,98.8431672252066,109.89966303023,100.047555676106,93.1938906798593,141.613744021545,0.000249407378498317,3.04549969627948e-06,7.45892009986069e-05,1.3438944011985e-05,5.17059399173201e-05,-4.29468301117216e-07,3.10963316256415e-05,6.18651513417821e-06
"251002","7DPI","05",8.5362612,0.0485735832053725,0.0305116276954332,0.069336151413017,0.0673993001835661,0.00815219008524609,0.00416516995803936,0.00624265908072665,0.00890465522511719,0.0648683092619518,0.0703109928567255,0.0486382901836129,0.0553129073376894,0.0396121921235848,0.0469673030628078,0.391808009880746,0.0585735345059533,0.0627312864542554,0.0614929409663104,0.0195213186635912,0.0396121921235848,0.00471818647771023,0.050640502327834,0.00416516995803936,0.0508681240352457,0.0150189123548347,113.489644218784,95.8951027865172,131.473256689961,128.20956405825,110.424483294028,115.279466848679,160.05059328091,153.060270241246,87.997692179823,100.226764011798,93.7422853754257,88.8632177127196,170.978258600763,4.24145550651333e-05,1.53962090952138e-06,7.32852804991252e-06,3.92613851185305e-06,8.19020408349567e-06,2.6511274126494e-06,4.13841016073673e-06,1.01916055377951e-06
"251003","7DPI","01",3.3454144,0.0472757866021726,0.0284411952862633,0.0670300694745158,0.073921410798736,0.00476494504819148,0.00527172834180271,0.00578166938478515,0.0072166043619077,0.0638619435843338,0.0656064148730403,0.0508847675099458,0.053144741959309,0.0463319672374399,0.0450441053358496,0.392421198476434,0.0521641418170522,0.0612063938772606,0.0598408430403739,0.0205830095944595,0.0463319672374399,0.00471609301741013,0.0208569461723404,0.00527172834180271,0.0182358200110378,0.00659344274738197,113.32970757217,99.1062157724135,132.005444300332,123.114518002148,94.593276984108,101.040969145912,168.06609576017,165.042227621782,101.174620719754,106.179801021967,99.6905095812513,103.062063954016,144.397177209954,0.000344680128206833,8.96603037061133e-06,2.71933257537638e-05,1.24839976447971e-05,0.000119985743628404,1.080017095708e-05,5.77154050079245e-05,4.93556982305487e-07
"251003","7DPI","02",4.954486,0.046140422806518,0.0230328673993421,0.0707920707951584,0.0787101154965018,0.00592976276421482,0.00655533543523274,0.00519589230021981,0.00557663026451757,0.0636522155276076,0.0658712480295047,0.0497554849647249,0.0519216047105294,0.0434567610732222,0.0430533376437243,0.390196595503257,0.0534646323260712,0.0615297845048451,0.061393615270135,0.0203578245641938,0.0434567610732222,0.00455021310836567,0.0183992177074749,0.00655533543523274,0.0174929187681024,0.00553508571249619,112.588647784789,100.34691501233,131.755071645119,123.842601774667,101.651371004756,109.76948401485,162.650742165321,161.899490366169,98.0992437795538,109.267088659233,99.842257223907,102.519332850498,129.169238002749,0.000234303089981502,1.47913397870994e-05,5.94495700593009e-05,1.4870555937186e-05,6.23464891684351e-05,3.19589100339926e-06,3.7491999472684e-05,1.16399485996239e-05
"251003","7DPI","03",4.6999436,0.0371671871376911,0.0212463319516969,0.0630472667095721,0.0656156743890423,0.00839036900412731,0.00632865809359931,0.00529443454095902,0.00717388017098837,0.0641623146183505,0.0644381630829289,0.0502817490578941,0.0503325786765102,0.042043160496235,0.0414591476736622,0.391192591557404,0.0528494231219574,0.0587385016583543,0.0588165700706236,0.0194005097348458,0.042043160496235,0.00770748713088173,0.0183139992335804,0.00632865809359931,0.015340649568119,0.00220290083983491,109.910312541528,100.136391042836,129.504252046542,124.25064444712,99.0912297296317,101.615569284524,164.746168144437,160.349676511569,91.9553923711118,106.432897998599,100.158443243362,98.4315051225654,141.705200458185,0.00049474708998402,6.66392385509295e-06,4.85638972636887e-05,2.26204910342537e-07,-2.58744652515173e-06,-1.01446573806103e-05,4.70813114891924e-06,2.46003363873861e-06
"251004","7DPI","01",3.499958,0.0541813337052712,0.0354133972880277,0.0285588511249067,0.0615974521531172,0.00630130949871402,0.00516544672347061,0.00317082188874239,0.00680828805356386,0.0710594418411568,0.0717903746273916,0.0539684103989623,0.0558464348947853,0.0423528485163637,0.042504373655543,0.389891673654008,0.0572966923605734,0.0691630309101143,0.0665209300247125,0.010910213849715,0.0423528485163637,0.00649315953716322,0.020043279476892,0.00516544672347061,0.0189426155187911,0.00217906215882275,106.885701125074,108.676750010866,128.573033652346,121.288224078231,100.909364394271,107.357171737938,163.585815690459,144.511754696531,105.900921547062,102.876593935903,97.2927859314253,111.653758926159,158.029549318516,0.000526179490270658,1.12622185700921e-05,2.01225134271214e-05,-1.45201677692277e-06,7.63583901691859e-05,1.29531200066271e-20,2.37246540816896e-05,5.39240461136829e-06
"251004","7DPI","02",5.0181216,0.0446476835055491,0.0298967707407661,0.0605292394426848,0.0757345738398688,0.0104576532800615,0.00928640549186147,0.00785046188916695,0.00668418035215071,0.06912147109762,0.0647393235964362,0.0539698285797092,0.0493439603558017,0.039048058322564,0.0298143799390029,0.384976040274088,0.057754010662679,0.0660379256627515,0.0604185296977447,0.0463765823098594,0.039048058322564,0.0125667368133485,0.0201508432748845,0.00928640549186147,0.0189631001195148,0.0075783331879963,122.00103851964,97.5893328418849,124.53420835959,116.72378466881,113.258943313748,112.484690277086,165.986576130134,157.235027108103,99.3772615604564,101.615184401346,83.6963302752397,88.60010249857,171.617527584171,0.000267456912771551,-4.05769426263545e-06,6.18278154946481e-06,1.14612278290761e-05,4.14697716567777e-06,3.59964857907916e-08,-2.5743466341788e-07,-4.51764181360684e-06
"251004","7DPI","03",3.6454108,0.0563496255689813,0.0296691954086167,0.0604415204139259,0.0839813863267235,0.00769880580289106,0.00422663861788582,0.00445396863791772,0.0054856458379074,0.0676544409500811,0.0688831689643344,0.0526243858878499,0.0521405726018527,0.0429897198209013,0.0426049735454063,0.390015949403129,0.0547473264602625,0.0666626735610961,0.0640658000032108,0.0274421448304951,0.0429897198209013,0.00803797085476443,0.0204457789040548,0.00422663861788582,0.0203652441003108,-0.000279990741950791,114.192828216524,102.535282126477,129.922051534566,118.61448850676,96.2043280866238,109.507786118303,165.48739904216,155.022540977451,97.5405161279448,104.659748058229,101.063371931358,92.1350726518911,139.974628044455,0.000451063948376305,-8.52806270848289e-06,4.77287884743457e-06,1.71672817041256e-06,4.39097272606878e-05,9.88368416374002e-08,7.19186198198573e-05,-3.76306754704161e-06
"251004","7DPI","04",4.454492,0.0513107597107467,0.0314429962489336,0.0704124102827443,0.0811549252052293,0.00942288428277626,0.00548153896958054,0.0046704766913503,0.0041697090344255,0.0673355721652265,0.0673389483856426,0.050959331471163,0.0504654677358102,0.0384265670293911,0.0362441509825575,0.391027281161649,0.0541502001352354,0.0668665046157398,0.0625093281108801,0.0129777090442813,0.0384265670293911,0.00569035436484549,0.0232468530627979,0.00548153896958054,0.0234349764764823,0.00207744760170376,115.583053179794,101.296849276788,130.975899162599,118.285922018073,94.6049828927309,106.215238854321,165.401477146456,157.456897568133,92.9305987544748,101.500416598756,94.0455708840582,89.5328375293484,145.357652273671,0.000397659094779287,4.01463986950902e-06,1.63808538374384e-05,7.0566998218537e-06,1.96319693391745e-05,2.75302179135972e-07,6.09509514043617e-05,6.20476198339344e-06
"251005","7DPI","01",4.2090404,0.0528106065046056,0.0277144362241175,0.0602353393072069,0.0776367624816285,0.00579414174488197,0.0108889612497936,0.00597220002170336,0.0044524157122723,0.0703900980082738,0.0641312670814045,0.0536663951865064,0.0472337043674169,0.0412808573779759,0.0352749663108307,0.390012439753097,0.053939467296552,0.0625721557770726,0.0614561623923109,0.0281166045483658,0.0412808573779759,0.0133971827452704,0.0141023058694154,0.0108889612497936,0.014610143807223,-0.00543044091385773,118.013565650128,94.931737357622,127.726690238557,124.124060706155,100.869379616062,110.522551675371,160.54413101103,159.719969485398,88.4437035400728,104.162527027181,85.3018008112674,93.4775155739598,172.726741936154,0.000330683626565542,3.82391488255655e-06,1.48063701487605e-05,-7.8370743064105e-06,2.38002845174868e-05,6.37737851031532e-07,5.44798662992887e-05,2.36150929420244e-06
"251005","7DPI","02",4.9908492,0.0373221914712895,0.0264304965313007,0.0621889882965101,0.0408270876054868,0.0096111673002042,0.00431442561831312,0.00509212654169229,0.0081156966580322,0.0653222994319443,0.0689541341189436,0.0509114096944637,0.0524728347037496,0.0426514527571149,0.0424412351261672,0.392686688531689,0.0607161763282896,0.0620309543048033,0.063212893710558,0.0321763981166717,0.0426514527571149,0.00850366632074127,0.0155267157876055,0.00431442561831312,0.0176500987090724,0.000585759511066751,116.680347655193,99.8682955897547,125.828339049244,123.874970601946,109.719028009527,111.034881851865,163.033897045928,166.850782269948,94.2974150900314,108.896378479747,100.347530487178,108.982567269819,11.7369892822626,0.000115563589420784,7.51760145364238e-06,8.57055361577824e-06,3.42696486351529e-06,7.26621237862903e-05,7.14006521729787e-06,0.000114581882650666,0
"251005","7DPI","03",8.0544488,0.0533673631984055,0.0313356590907897,0.0623374411193971,0.0849568697495477,0.00756373963279827,0.00454346829821393,0.00451378708703765,0.0058073434516804,0.0650579806121114,0.0637916161707585,0.0475466817462156,0.046972008678751,0.0319180133286351,0.0321238689784783,0.391759281557998,0.0540530742966673,0.0622912289761297,0.0592641892438609,0.0129670707735164,0.0319180133286351,0.00629530970187787,0.013914082590506,0.00454346829821393,0.0135772271809817,-0.00458847213556046,110.297299841483,92.7007567685284,128.439589258161,120.215127633698,110.810049501721,111.29326695113,154.976222733409,154.049400716134,83.3990832006672,99.3850583644057,91.38027530244,85.9061929632092,175.26894434116,0.00010669227205023,-2.53626582913871e-06,6.69440207613985e-06,1.53004564456842e-06,7.19852426066709e-05,6.63389974661791e-06,4.67945114538656e-05,2.75116183153842e-06
"251005","7DPI","04",3.8817716,0.0430839233567615,0.0295410141361013,0.0451829219508701,0.0710229412364762,0.00726311192558782,0.00436523568850229,0.00565684273471085,0.00580235487929144,0.0659797919794447,0.0665090381988309,0.0493685859321246,0.050687912554913,0.0356169590436955,0.0343971586113701,0.388182846567134,0.055263179435983,0.063981927777661,0.0623691836034009,0.0232061949735564,0.0356169590436955,0.00588876079480178,0.0150626067002507,0.00436523568850229,0.0160516280972133,0.0144576901570522,116.193696696569,97.6718321836478,129.688145763084,122.599424939209,110.22349746147,112.308695761149,162.744003243396,163.273435778615,94.2097755351237,102.501520171732,96.044708188436,98.4236117095258,169.783123461734,0.000345618522653906,-3.44195310737545e-06,2.61997908398854e-05,9.93686306337232e-06,2.89559755144519e-05,-6.71614687636808e-08,0.000125993936385365,6.54886897388597e-06
"251005","7DPI","05",6.9180988,0.0446436679577996,0.0330744892121158,0.0693418425616496,0.0834348715611442,0.00609768753271729,0.00452992093275237,0.00555062214713874,0.00468335404419883,0.0659270122799813,0.0635618869581573,0.0491957108296586,0.0471225156146491,0.036377209886159,0.0328945086938324,0.389637107964364,0.0526735552803698,0.0641809092668155,0.0598520557368348,0.0119863368111483,0.036377209886159,0.00622090746134998,0.0135173822566567,0.00452992093275237,0.0141737780670781,0.0116234738044278,108.102072414365,97.6536441770281,127.291446462359,119.013811392894,104.068277862679,109.985473080531,155.535760658212,159.847376534278,90.9912696649009,101.688249713809,95.6119372343054,90.2685193141879,162.719055217143,0.000286950531670566,-1.58508330537913e-05,1.40891958563503e-05,-6.24052513292275e-06,9.72393290140748e-05,1.13495077942615e-05,5.74747821691648e-05,1.16739448275982e-06
"251005","7DPI","06",8.7817128,0.0544342283590472,0.0292478649057179,0.0764819892545997,0.0941909323647191,0.00507894523450507,0.00331560707068053,0.00428909802169322,0.00554367430543431,0.0647306205464052,0.0637675617927973,0.0470486151418445,0.0475390308482233,0.0342593002334598,0.0340560300850412,0.389569152535068,0.0532470623185138,0.0635249014519895,0.059586672434695,0.0265471264697509,0.0342593002334598,0.00554671215583294,0.0159894652223089,0.00331560707068053,0.0146126496043252,-0.000589235357233501,106.755324927761,91.1652113274207,126.065065191988,120.175745536748,109.317777835081,113.275947543513,157.032041155501,152.454103246749,85.6001521448231,101.73000110376,92.3427647441066,85.0937661126853,173.32758386072,0.000149900119059928,-1.2719629055513e-05,5.74886360666579e-05,4.65183620615464e-06,5.4821744469187e-05,3.36863308615447e-06,3.99770073307473e-05,-3.4340756064609e-06
"251001","14DPI","01",9.6,0.048579475808078,0.0281023207027184,0.0592865232615989,0.0716599814493619,0.00522669480938337,0.00665806853607577,0.00540493220737798,0.00577979632157522,0.0704450462024119,0.069779174838127,0.0539735966049864,0.0510840203368442,0.0405113946105217,0.0372060368251262,0.387074382071037,0.0546119647033422,0.0648331630738013,0.0645969086904936,0.0157879507261885,0.0405113946105217,0.00476336786975807,0.0195288742801142,0.00665806853607577,0.0166902044904103,0.00954865706718927,112.534288909509,100.849135905203,130.963865157859,123.946428153159,100.657892640828,114.338374875161,159.348418607774,154.427532876798,102.685658472136,100.553588560741,98.0649683445959,107.438234830079,148.136941217856,9.00750972201613e-05,-1.09058456427685e-06,2.82006633198188e-05,2.86252836583794e-06,9.26771187154802e-06,-1.35928037939769e-06,1.59642175491817e-05,2.99587005489172e-06
"251001","14DPI","02",10.94,0.0476472789874916,0.0251652050324057,0.0681107870593884,0.0727375673628892,0.00659276152256795,0.00762640759250355,0.00561948722209365,0.00403825952919883,0.0710799363437852,0.0669028590149408,0.0547419512119356,0.0495969537764512,0.0357821041751514,0.0310532302403981,0.387752990026831,0.0551577613258609,0.0656911442702992,0.0617901331068854,0.0247479522202216,0.0357821041751514,0.00694653430760726,0.0193789617798998,0.00762640759250355,0.0179417566171886,0.00715886704004888,112.752997435383,99.729166685935,130.049090223822,119.167912425204,100.3592683624,115.165265025609,154.634600391915,150.938002596728,90.8964258047917,96.6863738227108,94.3918517235984,89.7433829439412,132.109081126236,0.000202612802657013,5.25815099585613e-06,3.48670738812847e-05,3.4065335652414e-06,2.57749409102727e-05,5.79829864960384e-06,1.49041572061077e-05,1.03806830159045e-06
"251001","14DPI","03",5.37,0.0445512524338085,0.0278652582093758,0.0736560190067651,0.0816618402004702,0.00715299778981708,0.00784669230939085,0.00438948785209326,0.00502183236750669,0.071445383244803,0.0674603906220934,0.0550313030174306,0.051161899632943,0.0433245104552898,0.0385376195876119,0.387736755342158,0.0545280949090799,0.0650285051971587,0.0631802130386693,0.0184479323644784,0.0433245104552898,0.00647209256067043,0.0193752416477236,0.00784669230939085,0.0171737942149115,0.0138444504845374,112.327200797301,105.319274989107,128.716627748156,119.618497506099,98.2496166593632,108.970165474076,159.189484876563,154.572985842692,100.301987661175,96.4740231931754,96.6805068282078,103.850500086189,58.5451642819513,0.000271399946396832,7.96328569374759e-06,3.7726102834304e-05,4.83403273221173e-06,4.78185820495015e-05,1.88384447011324e-06,4.71056699041388e-05,9.33408382195453e-06
"251002","14DPI","01",4.82,0.053343276736385,0.0346332972045236,0.0745371461877938,0.0810120829638607,0.00681967041429316,0.00563287831726996,0.00516231982753363,0.00663163812526793,0.0720775174132045,0.0722309014578808,0.0561595779822575,0.0560546837842232,0.0475193671081216,0.0472050723978113,0.386679674558133,0.059393101172679,0.0692958054343604,0.0667553417181855,0.0132521218301653,0.0475193671081216,0.00720146796640192,0.0206513006035489,0.00563287831726996,0.0196421863621457,0.00127300368014261,109.241082348557,103.627901814668,127.101699107635,122.833323861799,105.851031741042,112.356916176897,168.207218905206,150.572090812852,96.9281548164446,100.938553367617,97.5941687457032,99.2795084096275,160.429062751359,0.000182008520672377,-7.73702145318224e-06,1.1753635025101e-07,-1.17180584771164e-05,1.10468233910829e-05,1.00306173821594e-05,3.86197312540011e-05,1.03566183730111e-05
"251002","14DPI","02",12.13,0.0445469136817373,0.0220798845797382,0.0588510784258877,0.0631862836854306,0.00618909013962972,0.00551546732328378,0.00585531240750771,0.00429059521105754,0.0666660841710188,0.0687088039806281,0.0522699848815236,0.0526846412583938,0.0382695161836746,0.0383455999676799,0.382779830078723,0.059106364150287,0.0629939926823869,0.0681514766674086,0.0489834881677196,0.0382695161836746,0.0074960293612803,0.0193881294285295,0.00551546732328378,0.0213404817379258,0.00394816984818166,104.177223925349,98.6928355011775,121.786801058473,118.020644397992,131.803390402279,128.26902720287,158.440609865905,145.462537521489,89.2782429139268,111.082820591417,96.9744581205679,94.4925926601582,144.755013456368,2.15067072218632e-05,9.31558896387421e-07,9.21039366360102e-06,7.66551008394383e-07,4.67564833826215e-06,4.28810345803829e-08,5.30244082972535e-07,2.18371790008753e-06
"251002","14DPI","03",10.84,0.0520580113652783,0.0205952995311169,0.0447098568289042,0.00850642216443887,0.00864101734108008,0.0177768253510326,0.00573650482295401,0.0159260323824802,0.0641959323936085,0.0562208792699938,0.0523554169726573,0.0609850581542822,0.046580636550363,0.0382882426137859,0.400695450693231,0.0477529733137051,0.0539309540463598,0.043643580600754,0.0199042609020775,0.046580636550363,0.0075654311082801,0.0236589055955564,0.0177768253510326,0.0142809453272454,0.00892467537139609,108.404876779776,133.527046157515,140.529640802993,136.495479806766,100.854508532075,125.518107084083,130.407108237038,170.859243025035,95.0947350072263,71.4830680367518,129.85662876877,110.486357586338,36.3155508524163,4.03048231741613e-05,0,0,0,0,0,7.66923057478825e-07,0
"251003","14DPI","01",4.03,0.0460470690289552,0.0286874070100567,0.0711450599507112,0.0560049508914901,0.00329808410553601,0.00470605889979342,0.00532218678459356,0.00731143581608333,0.0646327170803326,0.0680342618097955,0.0494125549075786,0.0533455887641912,0.0446232616784835,0.0453799438897941,0.391902008756285,0.0539947332582197,0.061092100637824,0.0602408426815956,0.0160469900812981,0.0446232616784835,0.00379680954957849,0.0188244390407434,0.00470605889979342,0.0168506931773597,-0.00200160164322499,102.736012381575,101.491624314922,120.609911481489,122.177811860059,109.145218503259,112.245774210537,157.853168959889,155.739361851878,91.472546649354,104.081229767231,91.7016285696276,95.8565008885399,122.418537871064,0.000108982849280625,-1.31836025468688e-05,1.20309016675073e-05,7.81765555667554e-06,5.53533262717854e-05,1.17822856377646e-05,2.73152802440352e-05,2.03937239513193e-05
"251003","14DPI","02",8.05,0.0445857237718415,0.0249100397906193,0.0598957323542955,0.0694243625877234,0.00624849455196387,0.00498459675404409,0.00422506396196164,0.00417592361388465,0.0643236990676636,0.0659220474616312,0.0483515825396362,0.0502586922038889,0.0395231514493123,0.0394433805096137,0.384999414070334,0.0565922045384078,0.0613636693745807,0.0623863588248577,0.0392902724384724,0.0395231514493123,0.00512097455342404,0.0219056661603178,0.00498459675404409,0.0216591417168932,0.000468583202410251,107.820083965684,98.4397046598075,126.700291964755,121.780374521737,117.975860841795,119.793992671038,157.751997872107,156.596552529419,90.0423475653923,103.183832380686,96.8952010428664,93.515594555626,141.08157274209,4.48135057214153e-05,-2.43101525117822e-06,1.58351990928343e-05,1.42339928478174e-06,1.86583585222135e-05,2.9487250373792e-06,-8.31438520573867e-07,8.0072543658311e-06
"251003","14DPI","03",6.73,0.0471555230739077,0.0336644191827359,0.0634216793555252,0.0744798217636147,0.00604865682577848,0.00496426944780262,0.00677140105030907,0.00539782763209641,0.0634258826862333,0.0651173781911515,0.046953323006157,0.0481187906094996,0.0323293222265436,0.0343156863501321,0.387050316232955,0.0586998368058734,0.0602102156262225,0.0609494166708325,0.0210762142119258,0.0323293222265436,0.00593235108858317,0.0170922168787553,0.00496426944780262,0.0170135788338427,0.0126213824273954,105.373471512101,94.941303225229,128.780360824506,119.14768459935,121.805492414913,111.382868128649,152.879190122367,151.253366698073,89.6802832631709,102.01557047576,95.2246996484352,88.8222069046803,151.371118484729,0.000114693229825185,1.4923591944988e-06,1.31474246221782e-05,5.3726286242065e-06,2.96756440059185e-05,3.59774759007121e-06,7.27564579927391e-05,1.46770563733638e-05
"251004","14DPI","01",2.68,0.0563177811267142,0.0340350456477218,0.0665090181743227,0.0853175942165346,0.00765297620852698,0.00514537169465002,0.0053193264146221,0.00555433684401058,0.071291545343077,0.0722042632400514,0.0556349318489743,0.0558914937787438,0.0500896877231846,0.0487928307196633,0.388794196401757,0.0580820468496462,0.0701273422692975,0.0684167712379361,0.025679172089787,0.0500896877231846,0.00703010660115344,0.0228154696087467,0.00514537169465002,0.0209851561888535,-0.00501367926130094,106.238852513802,104.303820600441,129.642931135427,123.178624994456,94.027441785937,110.480089128639,170.069055856894,154.29378905053,99.8998058517871,103.098366543182,99.118691335648,107.823518378554,151.922404569593,0.00069746794948164,-1.05601988112157e-05,4.60713375825298e-05,-1.84659348766333e-06,3.33305490649167e-05,9.90439422151976e-06,7.70184330113725e-05,1.00154320275732e-06
"251004","14DPI","02",4.06,0.0580732659105717,0.0276867247641371,0.0706121829212303,0.0806177950929901,0.00711705682380259,0.00748677146949489,0.00564449280843572,0.00387216332119659,0.0723982306675908,0.0675405177987638,0.0552299787763579,0.0495665679675301,0.0382420315890077,0.0322702124677641,0.388792102439726,0.0570029259250627,0.0675746348579346,0.0641155751078822,0.0268289947957535,0.0382420315890077,0.011507185324376,0.0209137795192598,0.00748677146949489,0.023126622242681,0.00929399189273761,111.853565355048,99.7083601969685,131.383738685967,117.630814975178,102.764003029745,108.058182574068,167.329027709246,152.876642904708,93.048660770239,99.3860566987858,93.9782244195234,89.4057194546445,173.013183989138,0.000449429257037661,1.93761098377219e-05,2.3099479107923e-05,-1.51546666180769e-06,3.04674242464628e-05,1.09239732807104e-05,1.28734068691704e-05,2.37543096064462e-05
"251004","14DPI","03",8.71,0.0551748280870361,0.0290092191190082,0.057057976440524,0.0858899949389462,0.00822557146773397,0.00688645510593356,0.00795732486795657,0.00583756668886226,0.0695529643576776,0.068587291715752,0.0532908282529557,0.0514519867967368,0.0411439917203784,0.0382547932127663,0.390789537857718,0.0598039519886435,0.0667415834067951,0.0642645694722977,0.0336735273168492,0.0411439917203784,0.0104071768359042,0.0164058786916464,0.00688645510593356,0.018541696916528,0.0159249804704305,119.714958794283,98.9544298533878,132.791679178477,120.92384753991,102.980942066098,114.547171496641,164.856573886263,150.49866043327,96.8026828584539,106.710764947233,97.9971939578965,85.8377980203572,135.790572422626,0.000148383414564127,-5.70411401123715e-06,-2.30943701318554e-06,-7.97066386150487e-07,2.14017450215065e-05,2.814606997871e-06,2.88511989568863e-05,-1.10258845267922e-07
"251005","14DPI","01",5.91,0.0396775665126038,0.0320609877948576,0.0450760064358915,0.0714195992916912,0.0118502488895667,0.00848775689548753,0.00357966579168305,0.0055151230009389,0.0704698771771269,0.0683575821944224,0.0540075874721958,0.0506911823951924,0.0444220053869563,0.0372663271637768,0.387781493243395,0.0556677714235254,0.065973018238907,0.0646647090798733,0.0239228053520258,0.0444220053869563,0.00947694093807919,0.0168158537104936,0.00848775689548753,0.0157028745840852,0.0184724942544587,116.204453635965,98.4547980294922,127.962779312,119.881838133378,103.669321482586,113.332922329822,160.091468485191,155.522232736408,91.3958356947163,102.780029320969,95.521281985166,95.9868380252686,147.832905175487,0.000316494766043938,3.07596078063933e-06,4.98480256812919e-05,5.12850479743304e-06,1.26047405782054e-05,2.43747869467393e-07,2.20197122644047e-06,8.84814168704958e-06
"251005","14DPI","02",4.95,0.0406418336216796,0.0348463516257914,0.022078596080517,0.0473911577705835,0.00924818599666516,0.00512200601248714,0.00575767328252957,0.00627039248175396,0.0673224158962185,0.0685977591168749,0.0500223784418825,0.0509236612292822,0.0334673617376288,0.030630789569446,0.387093003379377,0.0592563100098837,0.0640345901165448,0.065021473413622,0.0422823639260794,0.0334673617376288,0.00795261690909331,0.0174740666466999,0.00512200601248714,0.0173411445660409,0.00633137974510045,109.99469862946,95.0910956028279,133.994796763007,121.83034273476,110.002359454319,129.421694453348,157.081062946378,159.237391646188,89.7863377874438,101.425489926224,93.5578813089774,95.5153649145208,168.030439407093,6.3624425512625e-05,-8.02004707665753e-06,-1.49661450655697e-06,3.97690146702211e-07,0.00011512401450364,-1.67248576828032e-21,1.78069635467978e-08,-4.18800804423118e-08
"251005","14DPI","03",4.61,0.0522788354464854,0.032179880292894,0.0666477136129378,0.0854131491243146,0.00824153203599646,0.00557266830369377,0.00428225667185608,0.00446408596553479,0.0711129760542233,0.067745590651348,0.0542113387866072,0.0503504172612578,0.039963066092712,0.0348342216338807,0.385466278939603,0.0591825743806151,0.067753961256811,0.0641576386415811,0.0352161712383295,0.039963066092712,0.00893968592347272,0.0170374089815089,0.00557266830369377,0.0171028171998737,0.00187463436316392,116.379494972559,102.005058446281,126.295791478713,120.726824943022,105.036797877458,115.959392001396,167.701595971483,156.13429950165,96.7843384866331,104.409893956459,95.6757623235155,95.6784337013733,165.510937918811,0.000134132232120263,-7.18792770500753e-06,1.66542437309227e-05,6.29693520179296e-06,8.37857894657524e-05,1.1957359843277e-06,0.000102143598463232,4.50231110887708e-06
"251001","21DPI","01",6.25,0.0482797653388855,0.0229120285991179,0.0682995098957644,0.0804876216669467,0.00584867038393823,0.00626760030459261,0.00587217958456249,0.00338768764889475,0.0683516553938951,0.067104921092703,0.0536587635212109,0.0479198783802906,0.0392801697815794,0.0312574459702365,0.385649291665001,0.053831335735607,0.0657800078997096,0.0650542908117538,0.0319891197606071,0.0392801697815794,0.00566378153523913,0.0193301428474105,0.00626760030459261,0.0186269788062379,0.0216736148264648,116.432091530845,96.7469460407776,126.740543849609,120.719417906993,109.763524171412,109.413926232896,164.381306981227,161.676879400155,99.4281625541424,103.970217215295,93.7998497429755,93.3630597378896,64.7420577290143,5.91961231870809e-05,3.03056083903198e-06,7.32876949600193e-06,7.07074458648093e-06,1.44274667947375e-05,-6.20196502781795e-07,1.5703272962939e-05,1.71244148499e-06
"251001","21DPI","02",2.93,0.0471755343636756,0.026497109507783,0.032371207395518,0.0705793567344103,0.0114082084737401,0.00911119679709233,0.00359097268411236,0.00536754424942294,0.0714979703374559,0.0725777011854059,0.055344450343074,0.0556150708348408,0.0425253834158666,0.0427094039035045,0.388519713338084,0.0567668858734448,0.0629670201673781,0.0658427376478278,0.0218039931641274,0.0425253834158666,0.00621821389427685,0.0192804441230623,0.00911119679709233,0.0199797562630271,0.0173041563489671,107.103733611476,110.168655915971,123.985139069462,119.986300912159,102.505113404197,113.253692078916,155.146747682676,162.517169630994,101.378725692909,101.346276791085,96.9372638835817,102.352379013083,56.158417015191,0.000358842053831626,1.3174491602829e-05,4.67251039492837e-05,1.31454175509575e-06,0.000114983727309881,-5.70951714656228e-06,6.72369951316712e-05,3.05906011844292e-05
"251001","21DPI","03",4.86,0.0392226014572245,0.0213986643980947,0.0405879433481713,0.0597860246657392,0.00991303709270879,0.0061350888685074,0.00452653393226876,0.00968888374579468,0.068378712661742,0.0681413329701273,0.0541645113360526,0.0524293738881955,0.0406784918363106,0.0386962399616387,0.392008262228392,0.0494474003534577,0.061672865450834,0.0618010681765246,0.0170542321614338,0.0406784918363106,0.00694137520369074,0.0190829114182419,0.0061350888685074,0.0127935610175987,0.0178517975922446,125.446611569801,122.421934015498,146.364095295468,139.46414412285,128.650735813092,109.545410167897,162.607090860637,140.677751117456,102.674018667683,114.217447146054,113.42839808368,117.18048031981,74.2963297191438,3.96620013843379e-06,1.05748905186e-06,7.4438880491275e-06,-5.33818033302309e-06,-4.88554796349875e-19,-1.55738276709572e-18,7.79484182648469e-07,-6.0722532725736e-07
"251002","21DPI","01",3.96,0.0426774907453363,0.0327927164335454,0.064486224791805,0.0709648780388267,0.00742287108312709,0.00573776393593544,0.00539818946591961,0.00850105443669672,0.0688788658842169,0.07164066956824,0.0529979316291723,0.0540123249636893,0.0442036258223271,0.0455000103025646,0.386687726859382,0.0570116563121601,0.0630058601902976,0.0647296051351124,0.0241309949844066,0.0442036258223271,0.00810351272122636,0.0315912499193582,0.00573776393593544,0.0293948289702148,-0.00109964173291315,109.869356944291,100.771431021975,129.768796469192,119.45021558825,103.888052274557,112.202513109541,164.102378736111,155.689476887048,102.247235006588,99.7619905565523,90.3615636588212,97.8328266441099,84.8730732463634,0.000142279266453434,-1.96122786209157e-06,3.01491661021115e-05,4.85914090460772e-06,5.99070457234218e-05,1.87779807076413e-06,-1.55541069881512e-06,1.28134518420559e-05
"251002","21DPI","02",5.96,0.0559126233628187,0.0331801303790992,0.076458891561483,0.0877897715369548,0.00762290491544906,0.0056354927421009,0.00557794881232476,0.00389397538641902,0.0697336541574183,0.0682741572879682,0.0520358436692195,0.0504914268150122,0.0365456147110246,0.0356320482073729,0.380492398647721,0.0618396786553461,0.0664131462614141,0.0649733899223267,0.0499360288921202,0.0365456147110246,0.00899773882205018,0.0167844600811242,0.0056354927421009,0.0184733253453761,0.00937367230476151,115.75931703967,99.1496203378683,124.571454780043,115.143658445962,120.083298652709,119.858851701511,164.602231063708,157.910520087791,87.9884018610254,107.927960214096,96.8944739641211,87.5977238407497,115.576245341676,8.34702022735377e-05,2.39520944910136e-06,4.06558452028312e-05,-4.9580333270853e-07,2.17519425048971e-05,7.87026020874306e-06,5.85324479010783e-06,7.92928831396212e-06
"251002","21DPI","03",7.42,0.0509930194816098,0.0240373319897046,0.0320638447729871,0.0222800929160161,0.0112174342288841,0.00680626757715746,0.0083773130850021,0.00711975110860459,0.0673197888249758,0.070422153831409,0.0483987796358508,0.0544866886927554,0.0330690855639157,0.0389195225544592,0.393799596956156,0.0586963362500641,0.0615791633601601,0.0645357558197463,0.0316271674890226,0.0330690855639157,0.00683810794941939,0.0164357682462182,0.00680626757715746,0.0170071809163512,0.000949553404945387,107.666143044124,92.8552903126145,129.786039915354,136.132722711146,128.617306588944,105.053956054087,154.572367280157,167.220623416528,84.8845740654416,120.0582165118,114.85557759455,115.786083070936,74.0729808276576,-1.47710950074502e-18,-4.47244960317444e-10,5.64243025466788e-06,-5.21756486426612e-07,3.34188919121038e-05,0,6.19962215467543e-05,0
"251003","21DPI","01",4.22,0.0388136708495791,0.0284670539374403,0.0254219831624731,0.0287970874678382,0.010596574133956,0.00506202322543798,0.00573220214279787,0.0100074016766012,0.0667358517567132,0.0726437050108286,0.0511289335514991,0.0570332925618892,0.0462726816209873,0.0460610364432792,0.389269715255856,0.0582354043613639,0.0613864723274014,0.0638910869143255,0.0242837884970393,0.0462726816209873,0.00704589779660596,0.0162062380608688,0.00506202322543798,0.0139809985102099,-0.000217034005726261,100.983871951773,103.758359289393,132.623451288233,124.379524729635,108.911041418919,112.12599657444,158.800432917393,158.698644279435,103.198049948656,108.249130455569,99.9003880428161,102.666763969668,148.329333819305,0.000132396517570418,-2.67488460632719e-05,9.76395045800913e-06,1.27533992847897e-05,-2.97553669108312e-07,1.38390055101508e-05,1.781724418023e-05,-1.15348357545717e-06
"251003","21DPI","02",3.43,0.0411903008154034,0.0216674325585883,0.0378899133649225,0.0172926888668842,0.00785338097929556,0.00221093290970122,0.00790339047305804,0.00728144126059853,0.0566732611828609,0.0627765683516492,0.0449199111805456,0.0513026952401084,0.0467273828802308,0.0361482162973703,0.394279342408344,0.0480229198029172,0.0545324647181248,0.0572822084473669,0.0187378026036734,0.0467273828802308,0.00472549047828512,0.0141286928850254,0.00221093290970122,0.0149690436864715,0.000561984813857778,104.375631440857,87.7870375598201,116.809083980548,119.757615374056,110.231188857636,109.456618158862,145.67484642744,140.182565909911,80.600448995437,105.975083058546,76.287492066487,67.6215819025211,83.5550970047393,4.48512408974278e-05,3.10353011354367e-06,9.72891247544248e-05,3.26887170076068e-19,2.35535601299076e-18,1.57010865560431e-06,0.000186614541835287,1.42537917255108e-05
"251003","21DPI","03",2.81,0.0404823288968705,0.0343825503843209,0.0647691464118392,0.0678902159081767,0.00774388823466664,0.00447936665551744,0.00436294148061552,0.00799976018043308,0.0600553755463248,0.0633169007974675,0.0444098337651817,0.0479975804823285,0.036796779118211,0.035220451734918,0.389285698100894,0.0549946226799241,0.0579675495091859,0.0571804231392823,0.0342898540085572,0.036796779118211,0.00666034317345571,0.0170141322409845,0.00447936665551744,0.0134034798271052,0.00190682015173556,101.795837891874,91.5729755974087,119.599911996379,114.379419472826,112.801897075448,117.735969228589,164.584344768037,157.887287044797,90.1227285782774,105.344868655104,96.8987963486609,90.5523041543621,161.449071209872,0.000236710121350722,-1.89344477757155e-06,4.07718671537027e-05,-3.12277280085056e-06,6.20906270316819e-05,8.08336218035116e-06,8.56438080565844e-05,2.08614839036132e-05
"251004","21DPI","01",5.35,0.0637382621659056,0.0301586414257764,0.0679826555016294,0.0912765426797415,0.00788839251660141,0.00675264881884532,0.0065030880959313,0.00531216180891352,0.0689058220997799,0.066401683632518,0.051927050135569,0.0489664901276023,0.0353262672578774,0.0281791014834074,0.389611115583319,0.0542943013391133,0.0651934868855041,0.0626056274528312,0.0316535256660061,0.0353262672578774,0.00976068526345719,0.0156207052816085,0.00675264881884532,0.0160743572655264,0.0106362055125763,114.579865275388,96.565829607815,130.610716766704,116.97931887227,100.144038605414,110.657394847847,164.656822591061,157.554806612831,92.2044483507833,96.2578186447262,87.8484354962473,78.4114498653488,171.589958921914,0.000238567018932459,2.49765856452092e-06,3.83178527116067e-06,2.79066290575464e-06,3.25283452760187e-05,5.97187136128696e-06,2.420232970707e-05,5.43267445509777e-06
"251004","21DPI","02",7.16,0.0556749198109995,0.0331927528962142,0.0631218674587209,0.0798051832523929,0.00421595785553425,0.00682498654253571,0.00450234634997833,0.00563488048034596,0.0690436184122765,0.0669046479028247,0.0518683446620909,0.0495697540483171,0.0349259602310641,0.0321302297943714,0.391394135346448,0.0545935618708199,0.0654481385489881,0.0608107895732824,0.0132124668109065,0.0349259602310641,0.00789482508860685,0.0204866072063549,0.00682498654253571,0.0198951282784715,0.0080670404522553,111.045320803326,98.9525806828885,128.279701737653,118.207236867133,104.506053688563,112.528241759607,163.731870160853,158.409632340552,88.1065006296663,97.5942762451015,91.3883407588177,82.8874163381579,174.351470730181,0.000181990547171039,1.76179942933467e-06,-1.59436324150542e-06,-9.48114640817477e-07,6.55783840853471e-06,-1.47754813431331e-08,1.12420673871937e-05,3.2740133988941e-07
"251004","21DPI","03",4.74,0.0602708249131884,0.0332800633344818,0.0678321683399414,0.0805166795583608,0.00800244193455828,0.00950346082291855,0.00541115053130933,0.00577259168123096,0.0723027596500251,0.0685358562299897,0.0547046527929132,0.0509591242932351,0.0403506315606749,0.0328174414619339,0.39247248238366,0.0545874965495633,0.0652502128899069,0.0631075322523571,0.019154449906982,0.0403506315606749,0.0123008980527869,0.0163767943305114,0.00950346082291855,0.0164951803632234,0.00858088762626778,104.630241312182,97.5864393304283,132.494894101361,118.014186336922,94.0472446678946,107.627914440781,165.075394661429,158.03562937932,90.7243730842202,100.915726723947,90.5292666003455,83.6975153830717,138.853925554404,0.00032751511912324,-2.32729791636624e-06,-1.28531334949963e-05,-4.36023595358592e-06,6.22458745056813e-06,4.67850608429391e-06,2.49033069003237e-05,6.58287482986054e-06
"251005","21DPI","01",5,0.0445750440481027,0.0289289549540876,0.0292890470876874,0.0530159809174051,0.00804782244917404,0.00541264540302827,0.00450443226033184,0.00501253779138326,0.0717908615663398,0.06921085762846,0.053986364612337,0.0503352279354081,0.0375806388709689,0.0344790755107235,0.388584741559979,0.0575152231840074,0.0678579316794211,0.0648999414753622,0.0233100140007283,0.0375806388709689,0.00752304514380773,0.0173672830979936,0.00541264540302827,0.0174083790213772,0.00748416201963734,116.314014063443,97.1738016825785,130.549598012264,122.015037859897,108.333133458823,116.199369684383,158.961027138149,151.661600597482,97.2467464592878,99.1744555331043,91.6422160617607,97.7593498897057,164.433350037164,4.7153593857884e-05,-1.82046868233815e-05,9.7886291287843e-06,8.51441735502744e-06,4.91371399570088e-05,1.10128124718346e-05,1.94901993565556e-05,2.48835698696644e-06
"251005","21DPI","02",3.18,0.0479278745070238,0.0304841252047176,0.0346741417512043,0.0735817681851511,0.00800396918363862,0.00450661934877084,0.00439523549894944,0.00411193324799226,0.072654223671637,0.0705813240765095,0.0549493274327391,0.0529340496583205,0.0398709700759408,0.03646530808494,0.384616974396552,0.0576822888408068,0.0689336357144381,0.0677179409802484,0.0227212642890449,0.0398709700759408,0.00693997041040021,0.0168354749053104,0.00450661934877084,0.0169176868374515,0.0108612736692072,110.028328603849,98.5707435305613,129.416192130028,123.571427325718,107.005869564054,115.589421018756,162.776059002885,157.4134575832,94.7910405920656,104.654153188736,89.5876930350634,101.555982185717,175.045757697987,0.000420961647476396,-3.71440901997136e-05,1.97967407251508e-05,3.54538272599739e-06,5.28204278476516e-05,-1.03260416567141e-07,2.00469183329534e-05,1.30481570994013e-06
"251005","21DPI","03",3.03,0.0449587331381503,0.0283523392698876,0.0248967219211829,0.0693127365279405,0.0118214194654424,0.00499121495283314,0.00741717565832731,0.0044700974959122,0.0703626611066386,0.0705021805616912,0.0540146367529969,0.0533959395409211,0.046341014251425,0.0414193516759234,0.386671282692735,0.0553749707830163,0.0664501155315238,0.065723585369355,0.0244326101041826,0.046341014251425,0.0078353319411413,0.0135932789065112,0.00499121495283314,0.0172846505590009,0.0090544585436989,122.825305222402,104.424802527096,132.061936627127,130.072916613012,107.986574948399,117.320991792371,162.597335533335,158.400434737481,97.5807155775953,101.55418365941,101.905085315158,106.019065960895,174.397039308645,0.000122106830502875,5.5248522936051e-06,1.98220173657212e-05,1.57648738313412e-05,3.02364253475308e-05,1.64158328294212e-05,0.00010976052494044,7.93709909739032e-09
"251001","28DPI","01",3.12,0.0467301520968732,0.026512875596547,0.0712456365813792,0.0696446126951364,0.00675929851987948,0.00537018283314995,0.0073334586238438,0.00588534144035952,0.0719822575721276,0.0727161821427428,0.0562873109395189,0.0574458616040231,0.042686140646407,0.0419404233979803,0.386853142530882,0.0579591207275284,0.0656738751821593,0.0665954121016729,0.0251649633480368,0.042686140646407,0.00568766850819924,0.0161970893356201,0.00537018283314995,0.0187171900949253,0.0169527699171116,108.57044228738,108.045305899399,125.527099766876,120.551341065548,102.115803320858,113.191027515495,155.968363204085,160.769847881527,102.305989934063,96.5639718479154,104.456264732563,103.644927439135,74.9132376342005,0.000597629091160866,2.9180252717425e-05,2.13043713940582e-05,-5.68464704803869e-06,1.90674880681808e-05,-7.57622585541312e-07,1.87729898099924e-05,-2.99535282588596e-06
"251001","28DPI","02",2.81,0.0487769546212162,0.024808321039228,0.0625388320596292,0.0379630596204307,0.00704141917365148,0.00992596719536377,0.00670263713079594,0.0058513931570675,0.0732492086677925,0.0719282198234807,0.0577203021463882,0.0550286537001023,0.0446202611985764,0.0396973385646419,0.385447085881167,0.0547628705182702,0.0638643829066781,0.0668288683774023,0.0209371472890686,0.0446202611985764,0.00515073875326312,0.0162886395080525,0.00992596719536377,0.0171670023179113,0.0188792586987435,103.084585176321,102.823635701141,126.962366987087,125.728374588997,112.921525371987,111.147894955987,159.835811871623,152.672530564323,93.1112715412344,95.1277761632971,95.7761414960794,100.998049703972,52.260834547799,0.000276208516738561,1.68662551248006e-05,3.75064940602301e-06,7.91245501717563e-06,8.49025658569278e-05,-6.36779377183574e-06,4.36259852868514e-05,8.67276412356725e-06
"251001","28DPI","03",2.72,0.0465898957632679,0.0246376951662245,0.0525661962518321,0.0153592732788518,0.00950768222242953,0.00976594888603438,0.00558702313227492,0.00781366686991802,0.0711999646836139,0.0731535495714621,0.0553897637854682,0.0554597810574904,0.0464486821387357,0.0316998604567603,0.385890076167693,0.0548701987561868,0.0614798464382256,0.0611920974859945,0.0231504202393527,0.0464486821387357,0.00615732310441385,0.017573794235415,0.00976594888603438,0.0170680864555443,0.0187938944112523,102.018875391826,108.881346599411,134.839323896123,126.115243821827,110.095476558548,119.662947749816,162.101293101139,152.989136462797,107.782650852911,95.2690931717271,94.782434694729,104.623184694156,32.1512266629692,9.02910092691489e-05,2.63684660467368e-06,2.5089785820724e-05,-1.86211139898489e-06,3.33310238826125e-05,5.5650789640154e-06,6.07312914771372e-05,2.44325675033569e-06
"251002","28DPI","01",3.11,0.0568439131304397,0.037551508329978,0.071837482016883,0.0715848781726951,0.00817618523716421,0.0093432740035505,0.00635472682560539,0.00766666682406292,0.0767638572525932,0.0780569593429985,0.0605720448174261,0.0630402615555687,0.0536356960118893,0.0526194510726303,0.384820832837467,0.0631645514783295,0.0688246342224283,0.0720398339633561,0.0215925802909644,0.0536356960118893,0.0087036887855113,0.0191502820422033,0.0093432740035505,0.0194527874916676,-0.00195407571046337,100.715541823017,100.623439828809,122.657013386708,123.837974032206,106.913315495381,114.105361490438,165.275435869363,152.010462252204,98.0494960839225,102.880004186301,93.5656693704649,106.926202153287,168.799391304647,0.000174853693979305,-3.98907847132064e-06,1.47753734685086e-05,-1.24208366946615e-06,8.84530987789636e-05,7.23297078363279e-06,2.41059276555384e-05,4.96189108003593e-06
"251002","28DPI","02",3.99,0.0557825956909612,0.0401404581507204,0.0471723062116331,0.0763708771805279,0.00833907485433988,0.00573738492469848,0.00598809968756646,0.00720002070271528,0.0721937334384908,0.0750524298079409,0.0546460702253152,0.0580194166912412,0.0455199548103371,0.0482925234299533,0.384363745655271,0.0619024659885739,0.0692571358104583,0.0687493044303465,0.0227324746196509,0.0455199548103371,0.00815738250528062,0.0199480772596185,0.00573738492469848,0.016838045054355,-0.0126709221293201,107.069540645931,96.8605922990511,123.25976177615,119.99762975824,108.072813497061,114.522060524502,157.464784416098,155.371796177364,89.6745671642154,104.905377857131,96.3729460628591,98.0632867052458,155.897751660076,0.000155533352367978,-7.18099682157411e-07,2.3316425480092e-06,-4.69299519465496e-06,6.2657251849846e-05,1.21142367378039e-05,3.2642827090291e-05,3.47475924376997e-06
"251002","28DPI","03",3.61,0.0566664457032652,0.0399704832733788,0.0832756542735769,0.0952462288276387,0.00550581286441251,0.00505386399440674,0.00405507998773883,0.00504801201721369,0.0683750353762135,0.0725096364396778,0.0516470524299398,0.056359048187699,0.0434965827876683,0.0461114810245611,0.384157756119369,0.06214815857449,0.0651787211611523,0.0685214872344405,0.0291148380526134,0.0434965827876683,0.00605662030187577,0.02007438353163,0.00505386399440674,0.0195057484432311,-0.00579942351677106,108.80821085177,93.8849995911987,121.477666672882,117.732390301607,104.720875269014,116.495604496407,163.507766583129,152.625315705599,85.7446080088021,102.498335226873,94.72511186881,94.5922358606485,173.23369869702,0.000297399436217525,-2.29434821818456e-05,7.18479010727474e-05,1.31112755350514e-05,0.000100209489762402,-3.220708930871e-07,7.68524260856802e-05,5.34988163526519e-06
"251003","28DPI","01",2.32,0.0495115277966827,0.0305724957925981,0.0416543831640573,0.0545548838692223,0.00633802107447625,0.0102623062163756,0.006781370023627,0.00807388317144367,0.0688811897048351,0.0704419742121521,0.0545489746543694,0.0556090067443938,0.0516659269345009,0.0485220471950925,0.384583740265268,0.0571813130638191,0.0621806386319632,0.0639763800309645,0.0201120224871404,0.0516659269345009,0.00372918337752971,0.0154108484503524,0.0102623062163756,0.0135240711657028,0.00629727563091071,102.333285466181,101.321630914872,125.220352463895,125.956657149899,106.308505352331,114.111037702205,160.637986061741,152.619324318816,94.3392844674724,102.920991354231,100.677076029284,107.820733071322,168.415285093094,0.000294774983400395,-9.9822348208108e-06,8.3935613806693e-05,2.26449603860704e-05,4.75368554190685e-05,2.16388149442966e-06,6.10287192991697e-05,1.73491489570306e-05
"251003","28DPI","02",3.28,0.0430241603673301,0.0282553795353486,0.0376510715230994,0.0234579215269627,0.00633271137623537,0.00384087744891857,0.00523050548538223,0.0092232069003063,0.0647841254612639,0.0707394463096795,0.0523612274946735,0.0567582365755673,0.0483386936141892,0.0467366326456492,0.391069476484104,0.054893223956713,0.0616093786953502,0.0640175431503633,0.0199690990263206,0.0483386936141892,0.00684147533666496,0.0185843395997618,0.00384087744891857,0.0156469031250157,-0.0032533175586768,100.330029124111,104.091112424281,129.362227867268,135.333303591728,102.829661858992,125.461125608137,160.423787221307,148.533538424467,82.0941382952544,111.844655395239,107.977751642481,88.5898429645803,134.331867877964,2.21066959273486e-05,-7.40414548375747e-07,9.85596204987861e-09,-1.1112048453306e-06,4.27097427573722e-07,1.66955360318024e-05,-1.1422923216626e-18,-5.20294790440144e-21
"251003","28DPI","03",1.49,0.0514572532632412,0.0348498032547091,0.0753231480081073,0.0712995194232531,0.00675155599254833,0.00897649532027734,0.00548217504689483,0.00636749405942528,0.0661891564117748,0.0695793227774487,0.0520879321174556,0.0547045098322589,0.0508178428532012,0.0506256868725731,0.388314440236495,0.0564802010056112,0.0599146266762847,0.0649869871726949,0.0233021639860406,0.0508178428532012,0.00634508867191022,0.0198956779549722,0.00897649532027734,0.0196267799607697,-0.0112406119007832,103.091406896629,92.9255051233239,122.967829340617,119.102845967976,110.589099085436,117.048291293047,164.584000390031,149.397551618433,89.7089701557015,105.764944882874,100.733076875081,98.8691282315388,142.217586086443,0.000881994429979885,-6.17258349806264e-06,0.00019596016666537,-2.87606875653966e-05,0.000405886725284117,-1.71791333764222e-05,0.000474219147363381,6.60673742238529e-05
"251004","28DPI","01",5.93,0.0639587341651067,0.0283749765199233,0.0739446272376395,0.0925981131310112,0.00487207651559983,0.00425033135950944,0.00552405735330471,0.00389567761951417,0.0726582913829999,0.0721378687584982,0.0532433566402859,0.0516185721242775,0.0346932204995279,0.0316173359254688,0.382049736931755,0.0642430103164902,0.0705841820954275,0.069232836267357,0.0498338689588971,0.0346932204995279,0.00868440455182955,0.0169400979460182,0.00425033135950944,0.0186496992262543,-0.00108386525502289,111.425373218807,97.480823851295,128.795071643998,118.846808150678,122.310364168253,124.954431726745,155.249451562832,151.191387172649,87.7454297135054,101.42148652263,88.381588425292,80.3045574598562,175.75860628457,0.000282474091257225,-4.12805193307426e-06,9.13045206121559e-06,8.90637049788031e-06,3.5587525189689e-05,-1.51040865500665e-06,1.12688006101657e-05,7.4177633776586e-06
"251004","28DPI","02",2.92,0.0755166713025878,0.0314219761375665,0.0713141730486099,0.0811404403950107,0.0101490152641554,0.0103960552349099,0.00347011844021463,0.00517370743712078,0.0730544861819639,0.0707574479823135,0.0541265819508559,0.053832363624501,0.0443401333459818,0.0369236601012791,0.388120366074179,0.0583243768035581,0.0678531134973691,0.0662813140922403,0.0418148164277216,0.0443401333459818,0.0112877842169732,0.0192528781182472,0.0103960552349099,0.0192545124432558,0.00350720098905871,107.366262801323,95.5677060113102,126.467634985738,119.343706491569,109.922651149981,120.860544487934,156.968461812101,138.247628149197,96.4067258642248,97.948549672697,91.8341065569236,90.3599702287152,174.477112570165,0.000181609930289523,-1.35825425364952e-05,2.60912315530186e-05,-1.29352836636306e-05,3.51961645700907e-05,8.03505230815834e-06,3.18385778767016e-05,9.71609385499279e-06
"251004","28DPI","03",3.35,0.0604048806620887,0.0340183107802265,0.0301054171332764,0.0843110543849152,0.00842524562688588,0.00832695721177531,0.00616144060625889,0.00655785054539422,0.0707945603430922,0.0719334799021496,0.054095652534696,0.0542992620536575,0.03940022210829,0.0360803883192978,0.389457999088731,0.0534592445667036,0.0654802248615307,0.0666570052162686,0.0258627927890361,0.03940022210829,0.00855502494869265,0.0175893260797719,0.00832695721177531,0.0158098410225717,0.00138462473716486,102.689227802908,95.4950235806595,131.324124951419,118.43123193181,95.0941777039828,115.056111416287,155.365624709622,157.435615391603,93.4222312251069,105.910290126351,92.3463194323069,105.35230648288,173.93570347438,0.000318702777533345,-3.19926745490134e-06,2.77469599967641e-05,-3.53264851146367e-06,2.67734384170075e-05,6.22598216587169e-06,3.33928288228289e-05,5.72487051598063e-06
"251005","28DPI","01",3.52,0.0527018229842368,0.0345796925975742,0.0411055870572217,0.07011386131821,0.00753697438631568,0.00669507118676869,0.00569365620194003,0.00689222318951797,0.0716167190189273,0.0757193510901936,0.0547991922454975,0.0587608088455345,0.0451505975669647,0.042613845175485,0.38794772579842,0.0587300632343461,0.0655055448696401,0.0694908036426784,0.0271675542738697,0.0451505975669647,0.0063214005169545,0.0171383040333832,0.00669507118676869,0.0177626433526169,0.00647012886755509,122.050539113533,96.3629911472722,130.465298732392,121.288362355886,114.478749816296,116.559974317601,160.698939420551,150.058894040139,92.5271753385502,106.322024450639,95.0644646112756,109.070031102023,128.241668542508,9.89682350782531e-05,-1.73157352763319e-05,1.5947662392107e-05,2.93086577500546e-06,6.0954387196314e-05,1.16912268995081e-09,-1.04953830451262e-06,2.31015531508527e-07
"251005","28DPI","02",3.28,0.0494723265322097,0.0348529263821562,0.0248445079568543,0.0766861348569128,0.00902656181786197,0.00620144901592187,0.00572826545514837,0.00636290289295223,0.0740761707383448,0.0727528491255563,0.056617915157563,0.0531977331563334,0.0407657712795539,0.0371773233983307,0.385137242278067,0.0603346521679443,0.0693635167750624,0.0685198752037619,0.0290124046923793,0.0407657712795539,0.00947145885790734,0.0149903343039109,0.00620144901592187,0.0158884889436229,0.00134327252396748,110.61427852954,101.997803816024,128.226400905186,123.934320638645,117.205440167574,113.283640131214,162.190152276761,155.892162258422,95.9039154050684,99.6454103395543,94.3117839838481,96.6694418638496,163.727764369552,0.000117843855360866,-2.27678520062983e-05,4.33410898272652e-05,-7.02144811816758e-07,3.83213476141312e-05,9.66630981989975e-06,9.27595161032077e-05,3.73770851038513e-06
"251005","28DPI","03",3.01,0.0522327967472985,0.038112128032896,0.0358377121013963,0.0789490994203614,0.00798666495200667,0.00526979599200724,0.00244654772643109,0.00614779159681252,0.071493463859975,0.074053699178012,0.0539899552582582,0.0560313174732819,0.0430886733133996,0.0429911568884984,0.386591852465783,0.0619764516816453,0.0679502104608117,0.0683345488313994,0.0268730343868401,0.0430886733133996,0.00629579821022818,0.0163423681461427,0.00526979599200724,0.0162483565058115,0.00174892442298167,109.696886234409,97.1043770162976,125.731466967562,121.028395749784,104.958379913111,112.712788100938,162.75272433689,165.353792109172,96.4618320148784,106.299960423126,97.3714887571177,103.023896274346,168.391557515422,0.000387400288014092,-4.38735533899864e-05,8.49692261694946e-05,2.15130090144417e-05,3.45911962967304e-05,1.14877611539389e-05,3.96287814218532e-05,2.88763618096027e-05
"251001","35DPI","01",2.1908828,0.0528255106389742,0.0309048605047097,0.0799701280200872,0.0762280720913928,0.00758128451966248,0.00888018200450799,0.00320112033258868,0.00514040852974159,0.0762035165796183,0.0745582190061488,0.0580482658023582,0.0582907079223001,0.0419786180743369,0.0399710635442926,0.382485829476416,0.0603923258224593,0.069032665818565,0.0695518246322966,0.0220515359072348,0.0419786180743369,0.00591038630298414,0.0190354942353042,0.00888018200450799,0.0176269028048684,0.0110262610744739,102.646189472757,103.217643557838,124.62941746733,120.582345857657,103.460338263639,113.916408899111,165.256062784756,151.648327296037,98.6282744579283,96.7949959546824,97.7853052967079,105.096477883887,38.7419201984097,0.000606496748202986,3.52086878468516e-05,0.000107489923860298,-4.87912390318991e-07,0.000411621207186192,-4.56462803215596e-05,0.000322410806227907,-5.9594183661341e-05
"251001","35DPI","02",2.2454276,0.0503146333505403,0.0281245272061569,0.0801584262760808,0.0706964193652253,0.00761273114215472,0.00783178884351733,0.00443259445317105,0.00462282756687096,0.076693927304065,0.0750170933335717,0.058404418757112,0.0587289166353138,0.0460699855996495,0.0426351112230526,0.382484542431634,0.0616112540945793,0.0703084813644222,0.0706521953903666,0.0227561925811335,0.0460699855996495,0.00876679657300574,0.0184587098694804,0.00783178884351733,0.0196755559415388,0.0106297126819703,104.602946298624,104.517205971891,123.525433977882,121.692358669438,101.097655105971,114.319214492709,163.81402029693,152.249604944014,100.133518346289,98.7738958437737,96.6205064573978,104.382113206371,37.3616044086241,0.000472745526570735,-7.02883135756611e-06,0.000230692638852222,1.5454239159983e-05,0.00024026940067319,2.80456489591513e-05,6.56923247928267e-05,-2.11228084147612e-05
"251001","35DPI","03",2.772694,0.0522922803016685,0.0390836032322031,0.0831039820042045,0.0930150650300538,0.00650179910858315,0.00604206171800733,0.00586838102087188,0.00498333020882993,0.0731077959432321,0.0727597707862564,0.0557579694862236,0.0561064076321083,0.0422478538334997,0.0384401789215175,0.38390987009279,0.0613795196874484,0.0678876648313761,0.0677484086947632,0.0240919675153101,0.0422478538334997,0.00727035289349854,0.0204503061796743,0.00604206171800733,0.0190452831030738,0.011859332876373,103.914774900022,104.577509406256,126.330108884977,118.449729868762,95.7819305663701,113.311771271568,165.909516635615,152.516235045855,101.636765342131,96.6723729048554,96.2631598494132,104.321047121854,31.9075884541157,0.000450187833589782,3.86717469173037e-05,9.98918476653461e-05,3.10643343429393e-06,9.32947725203881e-05,7.55104891116502e-06,5.6842053427878e-05,6.12516683541168e-06
"251002","35DPI","01",4.227222,0.0552942505922407,0.0407820461952334,0.0705062805827899,0.0778261998716107,0.00488069863799897,0.00532704397147379,0.00368541077432751,0.00704336427662334,0.0758651408110922,0.0780184393803495,0.0590834792753358,0.0620088384950953,0.0544229467141967,0.0525034997535922,0.383588288191545,0.0633587582636348,0.0721362068638243,0.0719208445754078,0.0154442148922381,0.0544229467141967,0.00538608173782739,0.0236359615132865,0.00532704397147379,0.0222797018557859,0.000596916640075543,104.644295042547,102.528428266739,124.481303927299,118.318732062282,98.60583896379,114.45240837893,167.715385818755,155.310075716789,98.5128538863261,98.253338106847,95.7531721326265,101.537480843263,171.579514472596,0.000216164730502388,1.0980869634635e-05,2.81919462882329e-05,3.69975771368451e-07,8.02828689157764e-05,5.04039639750977e-06,0.000110428270774463,9.6493338011309e-06
"251002","35DPI","02",2.9363284,0.0541196840187135,0.0361495584888433,0.0755097200054119,0.074772816002574,0.00957441253692984,0.00387185902922538,0.00291740324670434,0.00678294213103223,0.0717716347921965,0.0746309934071327,0.0541747651576159,0.0584749558293257,0.0502256294498248,0.0520493596038715,0.38331677015868,0.0619631630121659,0.068659700651391,0.0697119912213723,0.0227091955206021,0.0502256294498248,0.00759418048422492,0.0207780886462465,0.00387185902922538,0.0178522374226808,-0.00648826945723712,108.318510201339,96.0888516868718,121.569966226258,121.313487367964,109.523410345224,117.353873879945,162.493514892454,153.845561617841,91.2853207518805,107.541072276326,95.8398170349619,97.1000507449935,145.772879975724,4.8225599423261e-05,1.15098702442625e-06,8.35794385775684e-06,-7.48493463341332e-06,0.000153747020329926,-7.57156742431981e-06,0.000198762340705018,1.26222828803776e-05
"251002","35DPI","03",2.4726976,0.05956969710724,0.0462628813399318,0.083027372047574,0.0781973340062638,0.00797514031120811,0.00694290696832084,0.00354904141167312,0.00551408085761631,0.0735654339619962,0.0752503057972608,0.0565363754280567,0.0597304616569626,0.0512563905202981,0.0493874566173788,0.380518031044605,0.0637935186596723,0.0693279792833606,0.0717333318716918,0.026700836662586,0.0512563905202981,0.00856001744895738,0.0240022979421608,0.00694290696832084,0.0226751899793501,-0.00812711047067439,104.303437082721,97.1610660018308,120.562689321009,120.233628885537,112.904673525964,116.406635981593,162.201362390712,155.848277667977,94.4053878408356,106.159970779852,94.169195784311,100.284878379348,149.830904276189,0.000157596289719111,3.83243909326219e-05,4.68186052584836e-05,-5.43001014684217e-06,9.60913375045932e-05,1.55700861480271e-05,0.00035916296744925,8.45383461808158e-05
"251003","35DPI","01",2.090884,0.0542310503807394,0.0396279657984591,0.0760118120515257,0.0797036882109791,0.0054223499048614,0.00445057550471077,0.00411928814964096,0.00481231320352739,0.0673893097223973,0.0684257973705762,0.0505139370613627,0.0519790488023554,0.0421888295119595,0.0404050124440083,0.386625216130988,0.0562179879320627,0.0639290313075846,0.0646680199382076,0.0202468801268799,0.0421888295119595,0.00398381892594096,0.0189956808995403,0.00445057550471077,0.0170072847049013,0.0115532292952151,101.110860413177,97.2960591202272,127.324984171077,121.084469938863,105.801966341572,115.556461455017,156.395715834247,155.252390402544,89.5980429572158,104.26009256964,96.592553599204,94.5292850204522,156.583358751227,0.00040254975146776,-5.30873416823834e-05,9.63119893748175e-05,-3.77994467580771e-06,0.000157917133645182,5.54259813619995e-07,0.000138160293962864,3.99716112021052e-05
"251003","35DPI","02",1.727252,0.0522089053206262,0.0363138213835321,0.0740362992890165,0.0818014597101948,0.00490212887902542,0.00365607821630753,0.00522834869474682,0.00498003639191301,0.067793157083536,0.0687453251445327,0.0513762713293437,0.0525708592169008,0.0446896744850724,0.0424998537381564,0.387747915375272,0.0550324924152775,0.064344130219156,0.0653413909783016,0.0138504077313192,0.0446896744850724,0.00493372207860525,0.0163730830156326,0.00365607821630753,0.0150411237678792,0.00461758916438804,98.2355256865331,94.3750621810955,127.250462638384,118.693862293453,103.122026919301,111.726613709301,161.77540612958,162.88028094762,87.9649478881352,100.82522298367,94.3551317118866,92.3512515039716,161.395151427809,0.000551962315865905,-7.34693464774371e-05,0.000146338607714205,-5.36662973667519e-05,0.000333046693402383,8.31006455257111e-05,0.000321458990513364,2.20797839903726e-05
"251003","35DPI","03",2.227246,0.0446124301162586,0.0222640472760226,0.0379436642215909,0.0486824648313969,0.00546278362278094,0.0102932004789879,0.00609555882446275,0.00533536870960068,0.0729386148019067,0.0669059051241708,0.0567694367864554,0.0520966107852822,0.0479823967763019,0.0401978342877665,0.387100072806227,0.0545634950490101,0.0628289894247006,0.0633223451494878,0.0277776385589344,0.0479823967763019,0.0107064583990781,0.0149797188446264,0.0102932004789879,0.0138780748591739,0.00883930680113437,105.788997890185,104.550077788111,129.986177453157,123.796971490829,121.568310718639,120.25625219645,157.773288864233,151.265756555182,83.8599210621667,105.313365713342,103.841948822628,93.6043776727557,155.776009539084,7.0144230171517e-05,-3.73503584472172e-05,1.78084893742756e-05,-1.32096331019603e-05,4.75445238959173e-06,1.83685226641997e-05,8.69753685234485e-05,2.790692560988e-05
"251004","35DPI","01",2.1999736,0.0616828518907742,0.0374587912822284,0.0710456528666686,0.0823253265341695,0.00581653864093189,0.00662610678050123,0.00434033905327587,0.00739440550997335,0.0784776746278741,0.0762531031293089,0.0600260488909885,0.0583946159136849,0.0475375499525208,0.0446085795141181,0.384152680863719,0.060253546377008,0.0753398155714608,0.0716479072957404,0.0220275318858365,0.0475375499525208,0.00957097986936318,0.0178700060446746,0.00662610678050123,0.0147421804983555,-0.00468097525049032,106.016134776603,101.80000493503,127.605911897327,120.316406215801,97.9423924977535,113.372327605776,167.363778664568,154.444421911663,96.9371340605233,100.117970899634,97.9126618244142,104.286932404981,168.870129052434,0.000536113060413484,-2.29212056332506e-05,9.16414285760165e-06,-1.4943372962902e-05,3.4258129364864e-05,6.86354901453202e-06,0.000204691637875433,3.47497890622473e-05
"251004","35DPI","02",1.7908876,0.0692644428833484,0.0400464238712655,0.0626993112358453,0.0943271892855207,0.00886198153601934,0.00541788275267081,0.00574410063955822,0.00777932700766318,0.0731521131220219,0.0740368212104322,0.0556243731256269,0.056662780336131,0.0455230645555131,0.0432393184052352,0.386945419117861,0.0583808589736262,0.0707055275570198,0.0694676491452446,0.0250638973177204,0.0455230645555131,0.00936809278000277,0.0166605926403893,0.00541788275267081,0.0132870780118616,-0.00435760383524208,107.293447528427,99.7491116511922,125.844822650602,118.813450378757,96.6923800311973,110.095172795751,169.502050908862,156.876487245045,93.2831527313348,98.1723885956855,94.094630295019,98.0166122960631,159.046958568223,0.000717038005768215,-4.85978322857065e-05,5.35609299065626e-05,-4.8034755941592e-06,0.000181510493739227,3.96427167924703e-05,0.000191806342722734,4.23700213528887e-05
"251004","35DPI","03",1.7817968,0.0694446484042721,0.0358413470440244,0.0943215382647082,0.105551786729415,0.00589195632725094,0.00518863421302937,0.00406115871392866,0.00631022922469967,0.07425036178819,0.0753236057517851,0.0560945478636502,0.0575775927126154,0.0451361642817219,0.0442510083296595,0.387834300330814,0.0610864839492209,0.0730570480306103,0.0711501425293122,0.0268380885161854,0.0451361642817219,0.00963646672082442,0.0164188592887176,0.00518863421302937,0.0163428702440765,-0.00191164243986343,105.696221811965,96.2822377148159,125.556662225486,117.750743370757,95.7488684996803,114.000643052478,172.631089659426,157.771824306975,92.9639350979183,102.252883030026,91.862273073933,94.1369965178445,154.499646494114,0.00118312711690776,2.09332048962963e-05,0.000102091378973961,-3.59215512796833e-05,0.000248430310665675,3.38219216707434e-06,0.000277274817402925,3.45205494731539e-05
"251005","35DPI","01",3.2454156,0.0571772009054497,0.0306669347717543,0.0173595157338476,0.0822996683070958,0.00526819772645208,0.0052450940620035,0.00368415022854718,0.00552243952610039,0.0746177265641628,0.0738285417478136,0.0554817158550197,0.0543734136348153,0.0370013854600741,0.0372531882130107,0.385674451922645,0.0611375443561769,0.0715732946845684,0.0708210800908096,0.0314684505119877,0.0370013854600741,0.00564750820212633,0.0179939820159716,0.0052450940620035,0.0172433161272809,0.00421314288940247,110.086650683948,99.671160330695,128.047286446986,121.189045429452,113.566181121505,116.181953421089,160.569682463882,155.625141133783,89.5964961745843,96.8339108582334,90.0504319102786,93.606178239943,171.566543478436,0.000129993120936637,3.36976045011631e-06,3.59900770855986e-05,9.30134432415262e-07,7.98297040720747e-05,1.13693027990998e-05,8.74257354797183e-05,-2.26971008422402e-05
"251005","35DPI","02",2.2727,0.0576629801082777,0.0420059066104246,0.0620310949306545,0.0731691797260548,0.00756689011305364,0.00521459892484704,0.0030734986875861,0.00493302752942398,0.0745340298261474,0.0744996033444223,0.0559984155358488,0.056447803585866,0.042363803044727,0.041976420163135,0.383842790100903,0.0616488681186339,0.0719870759834665,0.0717968966143842,0.0321918686402698,0.042363803044727,0.00703200504775459,0.019514208525407,0.00521459892484704,0.0191017974379604,0.00573038481889494,111.74436292235,97.1854420969963,129.275183696477,124.621965391743,113.711789476863,122.546656406114,163.21253575347,156.586917158332,93.5754819864186,103.725273634184,94.1796335858666,90.6570218841684,175.420758127264,0.000540653503237753,-1.27055070311229e-05,3.61679041923071e-05,2.32174247415092e-05,0.000213957790195058,1.13434438460358e-06,4.54307699991674e-05,-4.75830938728515e-06
"251005","35DPI","03",3.6181384,0.054182139966497,0.0409828066883512,0.0226765327555219,0.0776190428620653,0.00917588228803223,0.00450150888431665,0.00337259936812772,0.00464603459840943,0.071985602727705,0.0716504869030853,0.0531244361804553,0.051995821191298,0.0365369418635526,0.0350723343903766,0.384474741568288,0.0606125203845239,0.0698471626721002,0.0678684604317908,0.028454448139873,0.0365369418635526,0.00720071480606192,0.0180407345587543,0.00450150888431665,0.0179386902536076,0.0105346304064447,106.405019734816,96.0814682921048,130.106051010955,121.624540996957,104.780542108907,120.101703238156,165.301667961617,161.976168292043,91.551724591229,99.133908357874,92.4395952771072,90.4322383322689,170.731296444651,0.000174457699250475,-1.53570690880814e-05,2.40906491309774e-05,1.21827676897454e-05,2.21075511131539e-05,1.04885413204554e-05,4.27579509884764e-05,5.8208164737859e-06
"251001","43DPI","01",1.67,0.0582840531823964,0.0350518639414628,0.0982602740714258,0.105112331066645,0.00756588995007769,0.00873500110744042,0.0063634503141147,0.00421075063608181,0.0812511624418912,0.0781195773699106,0.0632927889166096,0.0608027627033812,0.0475377899731797,0.0411142679302796,0.377802851966369,0.0631928812790629,0.0758674848318876,0.0760532016154256,0.0239823326415072,0.0475377899731797,0.00870070857001308,0.018715950310433,0.00873500110744042,0.0191924988320404,0.00878251113722666,97.2318289729021,101.110411309379,114.801470584585,116.611569813346,93.7829966614005,113.159968767565,162.054241777918,151.659970221915,102.779187812923,91.2447049387025,96.744581984463,110.130661478142,34.8510513767616,0.00127869982857527,-0.000134606060896013,0.000210568572707301,2.68591065690645e-05,0.000330169025524594,-1.69099165927827e-05,0.000113938019379711,5.46324901383327e-06
"251001","43DPI","02",1.3,0.0570145938849455,0.0384109799753982,0.0728846913520689,0.0941861625875411,0.00369411090723889,0.00546511068227968,0.0129047046984726,0.00411928164781216,0.0774774009327332,0.0767539606551222,0.0601698070063474,0.0597087371039818,0.0470325580671543,0.0424301113129759,0.378017294587868,0.0625943298261101,0.0720476456240089,0.0743815859519854,0.0277074366132042,0.0470325580671543,0.00284618211482779,0.0188405524237034,0.00546511068227968,0.0211402689065996,0.0216777778697029,103.745178660237,98.3410991664535,114.353203493236,116.262791015577,99.9603850855116,113.44452319227,160.000693393397,157.813449919503,100.695455551803,108.655314948589,107.584178861617,106.447623142571,96.4702875576688,0.00138739862944821,-2.63030284561446e-05,0.000136754316767486,5.6267600646488e-05,0.000383447037436768,4.824109111104e-05,0.000198410946439606,0.000125961545561122
"251001","43DPI","03",2.49,0.0457274568560641,0.0358148916650767,0.0724742179409118,0.0872038300834911,0.00589400927751413,0.00547098881943272,0.00483269856276666,0.0052952937009479,0.0754692034492149,0.0765868438745031,0.0565959103033493,0.0590752684133393,0.0409154112292309,0.042659843852312,0.381668845197434,0.0623040854933797,0.0698189782511724,0.0718068755507998,0.02207114873093,0.0409154112292309,0.00654172538257298,0.0182559090550203,0.00547098881943272,0.0160748383536535,0.00631844315687818,104.859826457768,92.3694639575196,129.9572464089,118.359163703061,105.369939571711,104.173708815034,158.260860750064,159.151838314631,90.7879163111228,103.451953280134,98.9333015814555,95.244662887507,138.658467482848,0.000845731897952052,4.61480166188651e-06,0.000163988164138411,1.67039266492984e-05,-1.26295699610215e-05,3.46610757639697e-05,3.32657775767385e-05,5.18225091293972e-05
"251002","43DPI","01",2.45,0.0582340772523835,0.0505400615987026,0.082457234495013,0.0896541083264967,0.0115988973479232,0.00878512138665966,0.00443332335167652,0.00769752365141769,0.0768968416859294,0.0771570599779675,0.0599816151516876,0.061031294027998,0.0538071415591486,0.0475033525271139,0.38272136264382,0.0646711975935879,0.0711673858604692,0.073176358693267,0.0186424863429233,0.0538071415591486,0.00943661060839205,0.0205054367075439,0.00878512138665966,0.0168516855686511,-0.00795861997367059,102.849837624843,101.517740712071,120.291113705014,114.793226630397,99.6396687803223,112.984839013303,159.220392319851,146.688697113098,94.6912404581974,97.2063529650798,93.9776932743477,97.3061841606219,36.130817671465,8.18890473981082e-05,-1.64639455884063e-05,4.95354992807219e-05,5.1590422439093e-06,0.000202357100292354,-3.68955405141322e-07,0.000141750543072098,2.03699644806357e-05
"251002","43DPI","02",2.45,0.0582340772523835,0.0505400615987026,0.082457234495013,0.0896541083264967,0.0115988973479232,0.00878512138665966,0.00443332335167652,0.00769752365141769,0.0768968416859294,0.0771570599779675,0.0599816151516876,0.061031294027998,0.0538071415591486,0.0475033525271139,0.38272136264382,0.0646711975935879,0.0711673858604692,0.073176358693267,0.0186424863429233,0.0538071415591486,0.00943661060839205,0.0205054367075439,0.00878512138665966,0.0168516855686511,-0.00795861997367059,102.849837624843,101.517740712071,120.291113705014,114.793226630397,99.6396687803223,112.984839013303,159.220392319851,146.688697113098,94.6912404581974,97.2063529650798,93.9776932743477,97.3061841606219,36.130817671465,8.18890473981082e-05,-1.64639455884063e-05,4.95354992807219e-05,5.1590422439093e-06,0.000202357100292354,-3.68955405141322e-07,0.000141750543072098,2.03699644806357e-05
"251002","43DPI","03",2.25,0.0503812138921954,0.0359554400757924,0.0770668121294736,0.0457684022763445,0.00722079792233089,0.00807940450728919,0.00485781998794129,0.00725268365963626,0.0754010970176087,0.0800349314047345,0.0579680100384905,0.0621232661139842,0.0497812724830004,0.0497716973837226,0.382725394681818,0.0660916920416041,0.0692766349615089,0.0755277748144252,0.0273716969881459,0.0497812724830004,0.00767093429646632,0.0196662130816693,0.00807940450728919,0.020368830371229,-0.00117514565158752,106.561380306462,91.576852431917,116.842601212374,133.410947130208,110.909558333963,125.529095461451,153.754013451409,147.144461145839,88.6093716889054,100.875711294734,92.4563241283438,98.590906630128,162.779619789314,0.000231526380885071,-8.36213462576719e-07,4.34281736889676e-05,-7.30378178466999e-06,7.71435544315998e-05,4.65157728067661e-05,1.10365881314095e-05,-1.54428431030579e-06
"251003","43DPI","01",1.86,0.0479280704558841,0.0385326262645028,0.0721562888094397,0.0838267735003279,0.0094719979883868,0.00482331770311732,0.0032826932981601,0.00615718409608057,0.0707997439541983,0.0709781805750559,0.0545350229266651,0.0549270562034474,0.0468642711878955,0.0450067083031585,0.382199742240417,0.0591663939525736,0.066783023676184,0.0665423029594809,0.0236484469295666,0.0468642711878955,0.00564406897746875,0.019237498882201,0.00482331770311732,0.0152939008583175,0.0044455621586924,99.0572483590658,92.6036493501581,122.484110223157,115.044048362078,98.5435334737901,105.979444002647,161.994894813321,150.35403622135,94.5190349834781,103.756096644583,99.5933734517904,100.277131621822,166.35643338446,0.000342727477105635,-7.52035262325709e-06,5.74649485072192e-05,-2.45712301996314e-05,0.00013325899740439,-2.2893620437926e-05,6.78796299229854e-05,2.98171137010438e-05
"251003","43DPI","02",1.41,0.0525677722248774,0.0348560239667591,0.0787938556461575,0.0763649873595308,0.00644293234810245,0.00550779320986334,0.00431231549445396,0.00731045915878944,0.0720830410337792,0.0719389625619355,0.0550488631659864,0.0559868171606248,0.0482540079671166,0.0461321292848859,0.381893916368553,0.060004849592462,0.0672058841097436,0.0676786394168049,0.0268779843011681,0.0482540079671166,0.00589830561312045,0.0217297039749434,0.00550779320986334,0.0172983772706702,0.00242951627324164,96.6244076525552,94.6370959796867,119.281984847217,116.017366220315,105.486233688149,110.093850505402,162.481656070677,156.105140374519,96.4125994094312,107.091828860345,106.120656621536,99.6205163484549,141.549668158239,0.000621886677405192,-0.000112283066530931,5.91433101194654e-05,-1.49020226391192e-05,0.000151647245104584,0.00012699539758218,0.000103527565470956,2.49299177000695e-05
"251003","43DPI","03",1.39,0.0537776722885716,0.029941147639253,0.0792486537452445,0.085702285091713,0.0104519053048115,0.0108330517034141,0.00620281947892888,0.0104190733728092,0.0710970642749143,0.0733261853077668,0.0558392887319663,0.0580285506863635,0.0512686344370376,0.0498524454921571,0.38635297017242,0.0593133882478791,0.0645340861325661,0.0667626339688694,0.0258373517767665,0.0512686344370376,0.00872648502885551,0.0188918169443183,0.0108330517034141,0.0151304870211348,-0.00913651878498305,96.8919174475585,89.6414280282616,132.154120248025,116.361067760025,103.886386015409,110.435008054311,161.79404506103,149.288457419254,87.0797403016955,96.2200818117336,94.3222028409729,92.9383154473025,140.688569075477,0.000305986552389409,1.96670316249508e-05,0.000125334208067462,3.15898249540677e-05,0.000242938001850446,2.9145543267028e-05,0.000462887375269308,-4.39808504294049e-05
"251004","43DPI","01",1.65,0.0557166840788404,0.0288180208256051,0.0471738052433279,0.0900448489168434,0.00968048008029436,0.00804621806096644,0.00595403003028947,0.0084881022393363,0.0757556531269983,0.0801838936378072,0.0603290379241756,0.0615064994775753,0.04674333357235,0.0495438054843707,0.384449685040521,0.0634668647771037,0.0768530338676471,0.0741846011661864,0.0217546864843556,0.04674333357235,0.00751593030484784,0.0202591795136198,0.00804621806096644,0.0190977064805711,-0.0073024825570724,102.325742412527,87.0646091104945,139.203445043857,117.163105717727,116.445577790982,115.148009441063,159.737630318627,156.691296850508,99.8661588102982,92.7925807760597,95.3542137129496,104.324824596061,158.765282993075,0.000887443816989505,1.24696284490922e-06,-1.39759393070124e-06,1.18391949175525e-05,0.000146697141808814,8.34762187706698e-05,7.34096492124805e-05,1.4132007566065e-05
"251004","43DPI","02",2.14,0.0673945915067997,0.0441192006275311,0.0894834410784772,0.0994635150170366,0.0133988306344769,0.00484940773418463,0.00833520309236219,0.0056449054248765,0.0758409196306417,0.0774019794083065,0.057646234232439,0.0592321321636112,0.0481461977047297,0.0491546730315256,0.388274488412264,0.064472072013023,0.0733182842591532,0.0741299359136036,0.0189193854082462,0.0481461977047297,0.00772426050515516,0.0167570057188528,0.00484940773418463,0.0187676588698023,0.00289665587225731,99.3713989750187,96.2436477931967,119.592786693488,114.710134617472,91.4345419795786,111.561383639653,168.973659203405,157.988141934293,89.7138748037135,98.2479907591412,93.0480321738442,92.9606887833842,170.6154498787,0.00115292859957957,1.08740569347468e-05,5.43196871687709e-05,6.44751678801412e-06,0.000126165089563991,-1.12346805271074e-05,0.000239536409777967,5.88852381097698e-05
"251004","43DPI","03",1.95,0.0590913829512427,0.0289827840025986,0.0567008088368339,0.0948745371919327,0.0101221875167418,0.00543009674646072,0.00396798093819072,0.00943253365532017,0.0764294060138881,0.080056473914944,0.0581297430317881,0.0616922227812403,0.0486359907961025,0.0503588475098911,0.387562166670407,0.0631456183142857,0.0738410109990177,0.0735217664471641,0.022074604322764,0.0486359907961025,0.00564224043283755,0.0168862976092325,0.00543009674646072,0.0133402343420951,-0.00934386899714079,102.584821588076,96.3181050047852,130.038903644976,118.103011862224,93.0368476508291,115.272214476556,165.451320938193,142.698973817647,90.6939195661166,99.8885699162104,94.752813299972,99.5651747633643,158.04996177943,0.000811794067089217,-6.71012401414516e-07,0.000126443972211998,-1.94615394764824e-05,9.45819099238027e-06,5.25030365989832e-05,0.000217046297539501,1.78313398164974e-05
"251005","43DPI","01",6.89,0.0575759810521829,0.0288437703520394,0.0335235084215388,0.0819074018596,0.00868321004446788,0.00620055838812542,0.00388011706382731,0.00673609116316194,0.0743167923510832,0.0757909927724173,0.0554856453944111,0.0570561567266746,0.0426224785157823,0.0372713758346521,0.386197404098964,0.0638095374310364,0.0702526563221018,0.073432888552127,0.032005031385256,0.0426224785157823,0.00965079457687545,0.0179027493249912,0.00620055838812542,0.0168991476716278,-0.00111632096489631,111.322017564924,92.0944656651636,128.210444774749,120.03726064452,100.021146601535,112.079043132775,167.110543913576,153.599544204357,83.3195964741933,93.1226314717864,93.3740014991928,82.1927310911077,174.525318077962,7.50370176547572e-05,-5.52734372037275e-06,7.14980188163501e-06,-9.21340101410504e-07,7.52854435619743e-06,8.21771487080697e-08,1.19170080739854e-05,1.40604968435577e-07
"251005","43DPI","02",3.02,0.0594483679589158,0.0333407968864217,0.0455842028557987,0.0877757353588953,0.00970231692268633,0.00647499888220614,0.00495719288447069,0.00640650233287128,0.0752996351353253,0.075820562183604,0.0562576612260152,0.0562356734414321,0.0414300545481907,0.0404659192178602,0.385559163812917,0.0628450429745857,0.0713018489966358,0.0707076410342672,0.0331317801573722,0.0414300545481907,0.00955406970771621,0.0183058434687768,0.00647499888220614,0.0188994534177303,0.00204023340817309,99.876357303854,93.7149257351363,128.241454504182,118.508077647983,98.263480328246,115.496668984413,161.145330186609,153.504483992022,89.3135061188929,96.5515752450868,88.1032537137708,89.0124085884945,120.937189163539,0.000228487706172033,-2.24432636740777e-05,8.70560236487298e-06,7.09381746997262e-06,1.61014775487468e-05,3.90481631100445e-06,8.77814242209822e-05,1.61645392310237e-05
"251005","43DPI","03",6.33,0.0517419596104383,0.032474721284097,0.0350197149480345,0.0927104076863837,0.00738448030496365,0.00810765564082137,0.00670581347777912,0.00583564376319769,0.0752356060188382,0.0727329852030871,0.0579906189308365,0.0549735933542635,0.0437697860297145,0.0304002177401626,0.389010707449811,0.0588691603534591,0.0693194233241326,0.0680507140376741,0.0286952978432261,0.0437697860297145,0.0127501819633488,0.0176780358535317,0.00810765564082137,0.0177852282234639,0.00546724663620619,104.873825590202,90.0841608112962,123.276602709764,114.716729653514,90.6886086613354,115.551894619447,166.035873043029,155.398401392754,80.5034561358433,98.410764482997,90.2836429307331,77.0903432585663,167.270600051215,0.000168687891361085,-9.66987869732287e-07,6.37328894959634e-06,7.92771921628491e-07,-1.28502000811796e-06,-3.79980466782157e-06,9.66428145068218e-06,5.19722437912108e-06
